resolved_at,target_date,city,station_icao,bucket,side,entry_price,size_usd,ev_per_bet,spread_colour,det_spread,model_values_json,actual_temp,outcome,pnl_usd,miss_distance,signal_timestamp,strategy,forecast_prob,edge,roi_pct,days_ahead,kelly_fraction_used
2026-03-05T10:00:03.129506+00:00,2026-03-04,Seoul,RKSI,10+,BUY_YES,0.09499999999999999,22.0,0.0,,,{},9,LOSS,-22.0,,2026-03-03T12:07:25.286308+00:00,SINGLE
2026-03-05T10:00:03.353928+00:00,2026-03-04,Seattle,KSEA,54-55,BUY_YES,0.21999999999999997,19.52,0.0,,,{},52,LOSS,-19.52,,2026-03-03T12:30:28.751520+00:00,SINGLE
2026-03-05T10:00:03.541350+00:00,2026-03-04,Miami,KMIA,80-81,BUY_YES,0.305,6.0,0.0,,,{},81,WIN,13.6721,,2026-03-03T12:44:11.692626+00:00,SINGLE
2026-03-05T10:00:03.541610+00:00,2026-03-04,Seattle,KSEA,48-49,BUY_YES,0.0795,5.0,0.0,,,{},52,LOSS,-5.0,,2026-03-03T12:44:11.697889+00:00,SINGLE
2026-03-05T10:00:03.541756+00:00,2026-03-04,Miami,KMIA,82-83,BUY_YES,0.28500000000000003,5.030000000000001,0.0,,,{},81,LOSS,-5.03,,2026-03-03T13:00:14.217638+00:00,SINGLE
2026-03-05T10:00:03.541877+00:00,2026-03-04,Miami,KMIA,84-85,BUY_YES,0.11499999999999999,5.0,0.0,,,{},81,LOSS,-5.0,,2026-03-03T13:00:14.219394+00:00,SINGLE
2026-03-05T10:00:03.542008+00:00,2026-03-04,Seattle,KSEA,56-57,BUY_YES,0.095,5.0,0.0,,,{},52,LOSS,-5.0,,2026-03-03T13:31:01.504318+00:00,SINGLE
2026-03-05T10:00:03.542118+00:00,2026-03-04,Miami,KMIA,78-79,BUY_YES,0.15500000000000003,15.040000000000001,0.0,,,{},81,LOSS,-15.04,,2026-03-03T18:30:18.410733+00:00,SINGLE
2026-03-05T10:00:03.710372+00:00,2026-03-04,Chicago,KORD,50+,BUY_YES,0.20500000000000002,5.0,0.0,,,{},46,LOSS,-5.0,,2026-03-03T18:30:18.413654+00:00,SINGLE
2026-03-05T10:00:03.711322+00:00,2026-03-04,Seattle,KSEA,52-53,BUY_YES,0.4050000000000001,5.0,0.0,,,{},52,WIN,7.3457,,2026-03-03T18:30:18.415323+00:00,SINGLE
2026-03-05T10:00:03.876777+00:00,2026-03-04,Ankara,LTAC,10+,BUY_YES,0.05500000000000001,5.0,0.0,,,{},10,WIN,85.9091,,2026-03-03T19:01:07.207372+00:00,SINGLE
2026-03-05T10:00:03.877275+00:00,2026-03-04,Chicago,KORD,46-47,BUY_YES,0.22000000000000003,5.0,0.0,,,{},46,WIN,17.7273,,2026-03-03T19:01:07.209958+00:00,SINGLE
2026-03-05T10:00:04.058759+00:00,2026-03-04,NYC,KLGA,46-47,BUY_YES,0.215,5.0,0.0,,,{},50,LOSS,-5.0,,2026-03-03T19:01:07.211588+00:00,SINGLE
2026-03-05T10:00:04.059026+00:00,2026-03-04,Chicago,KORD,44-45,BUY_YES,0.11000000000000001,5.0,0.0,,,{},46,LOSS,-5.0,,2026-03-03T19:01:07.213409+00:00,SINGLE
2026-03-05T10:00:04.059170+00:00,2026-03-04,Miami,KMIA,80-81,BUY_YES,0.28,10.41,0.0,,,{},81,WIN,26.7686,,2026-03-03T12:07:25.269870+00:00,TOP2_EQUAL
2026-03-05T10:00:04.059315+00:00,2026-03-04,Seattle,KSEA,48-49,BUY_YES,0.0795,5.0,0.0,,,{},52,LOSS,-5.0,,2026-03-03T12:07:25.272725+00:00,TOP2_EQUAL
2026-03-05T10:00:04.059439+00:00,2026-03-04,Seattle,KSEA,54-55,BUY_YES,0.21999999999999997,9.76,0.0,,,{},52,LOSS,-9.76,,2026-03-03T12:30:28.725883+00:00,TOP2_EQUAL
2026-03-05T10:00:04.059559+00:00,2026-03-04,Seattle,KSEA,56-57,BUY_YES,0.11000000000000001,5.0,0.0,,,{},52,LOSS,-5.0,,2026-03-03T12:30:28.727497+00:00,TOP2_EQUAL
2026-03-05T10:00:04.059664+00:00,2026-03-04,Miami,KMIA,82-83,BUY_YES,0.28500000000000003,5.04,0.0,,,{},81,LOSS,-5.04,,2026-03-03T13:00:14.191989+00:00,TOP2_EQUAL
2026-03-05T10:00:04.059787+00:00,2026-03-04,Miami,KMIA,84-85,BUY_YES,0.11499999999999999,5.0,0.0,,,{},81,LOSS,-5.0,,2026-03-03T13:00:14.198526+00:00,TOP2_EQUAL
2026-03-05T10:00:04.059896+00:00,2026-03-04,Seoul,RKSI,10+,BUY_YES,0.135,7.34,0.0,,,{},9,LOSS,-7.34,,2026-03-03T13:31:01.480187+00:00,TOP2_EQUAL
2026-03-05T10:00:04.060011+00:00,2026-03-04,NYC,KLGA,46-47,BUY_YES,0.24,5.0,0.0,,,{},50,LOSS,-5.0,,2026-03-03T18:30:18.376463+00:00,TOP2_EQUAL
2026-03-05T10:00:04.060116+00:00,2026-03-04,Chicago,KORD,50+,BUY_YES,0.20500000000000002,5.0,0.0,,,{},46,LOSS,-5.0,,2026-03-03T18:30:18.378369+00:00,TOP2_EQUAL
2026-03-05T10:00:04.060222+00:00,2026-03-04,Miami,KMIA,78-79,BUY_YES,0.15500000000000003,5.0,0.0,,,{},81,LOSS,-5.0,,2026-03-03T18:30:18.379831+00:00,TOP2_EQUAL
2026-03-05T10:00:04.060368+00:00,2026-03-04,Seattle,KSEA,52-53,BUY_YES,0.4050000000000001,5.0,0.0,,,{},52,WIN,7.3457,,2026-03-03T18:30:18.381889+00:00,TOP2_EQUAL
2026-03-05T10:00:04.060485+00:00,2026-03-04,Chicago,KORD,44-45,BUY_YES,0.11000000000000001,5.0,0.0,,,{},46,LOSS,-5.0,,2026-03-03T19:01:07.180005+00:00,TOP2_EQUAL
2026-03-05T10:00:04.060628+00:00,2026-03-04,Chicago,KORD,46-47,BUY_YES,0.22000000000000003,5.0,0.0,,,{},46,WIN,17.7273,,2026-03-03T19:01:07.181808+00:00,TOP2_EQUAL
2026-03-05T10:00:04.060758+00:00,2026-03-04,Ankara,LTAC,10+,BUY_YES,0.05500000000000001,5.0,0.0,,,{},10,WIN,85.9091,,2026-03-03T19:01:07.183616+00:00,TOP2_EQUAL
2026-03-05T10:00:04.060869+00:00,2026-03-04,Seattle,KSEA,50-51,BUY_YES,0.15000000000000002,5.0,0.0,,,{},52,LOSS,-5.0,,2026-03-04T06:10:44.984340+00:00,TOP2_EQUAL
2026-03-05T10:00:04.060974+00:00,2026-03-04,NYC,KLGA,44-45,BUY_YES,0.1255,5.0,0.0,,,{},50,LOSS,-5.0,,2026-03-04T06:13:06.729582+00:00,TOP2_EQUAL
2026-03-05T10:00:04.061074+00:00,2026-03-04,Chicago,KORD,48-49,BUY_YES,0.11000000000000001,5.0,0.0,,,{},46,LOSS,-5.0,,2026-03-04T06:40:32.960496+00:00,TOP2_EQUAL
2026-03-05T10:00:04.061178+00:00,2026-03-04,Seattle,KSEA,48-49,BUY_YES,0.0795,5.0,0.0,,,{},52,LOSS,-5.0,,2026-03-03T12:07:25.278636+00:00,TOP2_COND
2026-03-05T10:00:04.061319+00:00,2026-03-04,Miami,KMIA,80-81,BUY_YES,0.29500000000000004,16.2,0.0,,,{},81,WIN,38.7153,,2026-03-03T12:30:28.736846+00:00,TOP2_COND
2026-03-05T10:00:04.061434+00:00,2026-03-04,Seattle,KSEA,56-57,BUY_YES,0.11000000000000001,5.0,0.0,,,{},52,LOSS,-5.0,,2026-03-03T12:30:28.739595+00:00,TOP2_COND
2026-03-05T10:00:04.061535+00:00,2026-03-04,Seattle,KSEA,54-55,BUY_YES,0.22999999999999998,14.6,0.0,,,{},52,LOSS,-14.6,,2026-03-03T12:44:11.687143+00:00,TOP2_COND
2026-03-05T10:00:04.061636+00:00,2026-03-04,Miami,KMIA,82-83,BUY_YES,0.28500000000000003,10.07,0.0,,,{},81,LOSS,-10.07,,2026-03-03T13:00:14.203880+00:00,TOP2_COND
2026-03-05T10:00:04.062086+00:00,2026-03-04,Miami,KMIA,84-85,BUY_YES,0.11499999999999999,5.0,0.0,,,{},81,LOSS,-5.0,,2026-03-03T13:00:14.206354+00:00,TOP2_COND
2026-03-05T10:00:04.062257+00:00,2026-03-04,Seoul,RKSI,10+,BUY_YES,0.135,14.69,0.0,,,{},9,LOSS,-14.69,,2026-03-03T13:31:01.489947+00:00,TOP2_COND
2026-03-05T10:00:04.062414+00:00,2026-03-04,NYC,KLGA,46-47,BUY_YES,0.24,5.0,0.0,,,{},50,LOSS,-5.0,,2026-03-03T18:30:18.388571+00:00,TOP2_COND
2026-03-05T10:00:04.062528+00:00,2026-03-04,Chicago,KORD,50+,BUY_YES,0.20500000000000002,6.49,0.0,,,{},46,LOSS,-6.49,,2026-03-03T18:30:18.389845+00:00,TOP2_COND
2026-03-05T10:00:04.062641+00:00,2026-03-04,Miami,KMIA,78-79,BUY_YES,0.15500000000000003,7.5200000000000005,0.0,,,{},81,LOSS,-7.52,,2026-03-03T18:30:18.391248+00:00,TOP2_COND
2026-03-05T10:00:04.062775+00:00,2026-03-04,Seattle,KSEA,52-53,BUY_YES,0.4050000000000001,5.0,0.0,,,{},52,WIN,7.3457,,2026-03-03T18:30:18.392755+00:00,TOP2_COND
2026-03-05T10:00:04.062902+00:00,2026-03-04,Chicago,KORD,44-45,BUY_YES,0.11000000000000001,5.0,0.0,,,{},46,LOSS,-5.0,,2026-03-03T19:01:07.190174+00:00,TOP2_COND
2026-03-05T10:00:04.063015+00:00,2026-03-04,Chicago,KORD,46-47,BUY_YES,0.22000000000000003,5.0,0.0,,,{},46,WIN,17.7273,,2026-03-03T19:01:07.191627+00:00,TOP2_COND
2026-03-05T10:00:04.063138+00:00,2026-03-04,Ankara,LTAC,10+,BUY_YES,0.05500000000000001,5.0,0.0,,,{},10,WIN,85.9091,,2026-03-03T19:01:07.193390+00:00,TOP2_COND
2026-03-05T10:00:04.063251+00:00,2026-03-04,Seattle,KSEA,50-51,BUY_YES,0.15000000000000002,5.0,0.0,,,{},52,LOSS,-5.0,,2026-03-04T06:10:45.002484+00:00,TOP2_COND
2026-03-05T10:00:04.063397+00:00,2026-03-04,NYC,KLGA,44-45,BUY_YES,0.1255,5.0,0.0,,,{},50,LOSS,-5.0,,2026-03-04T06:13:06.733781+00:00,TOP2_COND
2026-03-05T10:00:04.063523+00:00,2026-03-04,Chicago,KORD,48-49,BUY_YES,0.11000000000000001,5.0,0.0,,,{},46,LOSS,-5.0,,2026-03-04T06:40:32.970764+00:00,TOP2_COND
2026-03-05T10:00:04.063643+00:00,2026-03-04,Seattle,KSEA,48-49,BUY_YES,0.0795,5.0,0.0,,,{},52,LOSS,-5.0,,2026-03-03T12:07:25.284880+00:00,TOP2_PROP
2026-03-05T10:00:04.063782+00:00,2026-03-04,Miami,KMIA,80-81,BUY_YES,0.29500000000000004,16.2,0.0,,,{},81,WIN,38.7153,,2026-03-03T12:30:28.745240+00:00,TOP2_PROP
2026-03-05T10:00:04.063902+00:00,2026-03-04,Seattle,KSEA,56-57,BUY_YES,0.11000000000000001,5.0,0.0,,,{},52,LOSS,-5.0,,2026-03-03T12:30:28.748069+00:00,TOP2_PROP
2026-03-05T10:00:04.064312+00:00,2026-03-04,Seattle,KSEA,54-55,BUY_YES,0.22999999999999998,14.6,0.0,,,{},52,LOSS,-14.6,,2026-03-03T12:44:11.689900+00:00,TOP2_PROP
2026-03-05T10:00:04.064537+00:00,2026-03-04,Miami,KMIA,82-83,BUY_YES,0.28500000000000003,10.07,0.0,,,{},81,LOSS,-10.07,,2026-03-03T13:00:14.213589+00:00,TOP2_PROP
2026-03-05T10:00:04.065051+00:00,2026-03-04,Miami,KMIA,84-85,BUY_YES,0.11499999999999999,5.0,0.0,,,{},81,LOSS,-5.0,,2026-03-03T13:00:14.214965+00:00,TOP2_PROP
2026-03-05T10:00:04.065263+00:00,2026-03-04,Seoul,RKSI,10+,BUY_YES,0.135,14.69,0.0,,,{},9,LOSS,-14.69,,2026-03-03T13:31:01.497966+00:00,TOP2_PROP
2026-03-05T10:00:04.065449+00:00,2026-03-04,NYC,KLGA,46-47,BUY_YES,0.24,5.0,0.0,,,{},50,LOSS,-5.0,,2026-03-03T18:30:18.399345+00:00,TOP2_PROP
2026-03-05T10:00:04.065566+00:00,2026-03-04,Chicago,KORD,50+,BUY_YES,0.20500000000000002,6.49,0.0,,,{},46,LOSS,-6.49,,2026-03-03T18:30:18.400839+00:00,TOP2_PROP
2026-03-05T10:00:04.065680+00:00,2026-03-04,Miami,KMIA,78-79,BUY_YES,0.15500000000000003,7.5200000000000005,0.0,,,{},81,LOSS,-7.52,,2026-03-03T18:30:18.402372+00:00,TOP2_PROP
2026-03-05T10:00:04.065836+00:00,2026-03-04,Seattle,KSEA,52-53,BUY_YES,0.4050000000000001,5.0,0.0,,,{},52,WIN,7.3457,,2026-03-03T18:30:18.403863+00:00,TOP2_PROP
2026-03-05T10:00:04.066455+00:00,2026-03-04,Chicago,KORD,44-45,BUY_YES,0.11000000000000001,5.0,0.0,,,{},46,LOSS,-5.0,,2026-03-03T19:01:07.198575+00:00,TOP2_PROP
2026-03-05T10:00:04.066637+00:00,2026-03-04,Chicago,KORD,46-47,BUY_YES,0.22000000000000003,5.0,0.0,,,{},46,WIN,17.7273,,2026-03-03T19:01:07.200235+00:00,TOP2_PROP
2026-03-05T10:00:04.067193+00:00,2026-03-04,Ankara,LTAC,10+,BUY_YES,0.05500000000000001,5.0,0.0,,,{},10,WIN,85.9091,,2026-03-03T19:01:07.201780+00:00,TOP2_PROP
2026-03-05T10:00:04.069818+00:00,2026-03-04,Seattle,KSEA,50-51,BUY_YES,0.15000000000000002,5.0,0.0,,,{},52,LOSS,-5.0,,2026-03-04T06:10:45.019333+00:00,TOP2_PROP
2026-03-05T10:00:04.070064+00:00,2026-03-04,NYC,KLGA,44-45,BUY_YES,0.1255,5.0,0.0,,,{},50,LOSS,-5.0,,2026-03-04T06:13:06.737507+00:00,TOP2_PROP
2026-03-05T10:00:04.070212+00:00,2026-03-04,Chicago,KORD,48-49,BUY_YES,0.11000000000000001,5.0,0.0,,,{},46,LOSS,-5.0,,2026-03-04T06:40:32.980658+00:00,TOP2_PROP
2026-03-08T14:20:23.969789+00:00,2026-03-07,Wellington,NZWN,23+,BUY_YES,0.06000000000000001,25.0,0.0,,,{},21,LOSS,-25.0,,2026-03-06T13:25:08.742808+00:00,SINGLE,0.0,0.0,-100.0,,
2026-03-08T14:20:24.257676+00:00,2026-03-07,Ankara,LTAC,9+,BUY_YES,0.15,25.0,0.0,,,{},7,LOSS,-25.0,,2026-03-06T13:26:20.465175+00:00,WS_PRICE,0.0,0.0,-100.0,,
2026-03-08T14:20:24.504615+00:00,2026-03-07,Seattle,KSEA,52-53,BUY_YES,0.36,25.0,0.0,,,{},54,LOSS,-25.0,,2026-03-06T13:42:51.959487+00:00,WS_PRICE,0.0,0.0,-100.0,,
2026-03-08T14:20:24.766180+00:00,2026-03-07,Miami,KMIA,78-79,BUY_YES,0.06,5.0,0.0,,,{},83,LOSS,-5.0,,2026-03-06T15:19:53.197641+00:00,WS_PRICE,0.0,0.0,-100.0,,
2026-03-08T14:20:25.048186+00:00,2026-03-07,Atlanta,KATL,78-79,BUY_YES,0.27,25.0,0.0,,,{},83,LOSS,-25.0,,2026-03-06T17:23:47.738865+00:00,WS_PRICE,0.0,0.0,-100.0,,
2026-03-08T14:20:25.049661+00:00,2026-03-07,Miami,KMIA,80-81,BUY_YES,0.245,13.99,0.0,,,{},83,LOSS,-13.99,,2026-03-06T19:01:34.763114+00:00,SINGLE,0.0,0.0,-100.0,,
2026-03-08T14:20:25.053154+00:00,2026-03-07,Seattle,KSEA,54-55,BUY_NO,0.64,21.1,0.0,,,{},54,LOSS,-21.1,,2026-03-06T19:01:34.767635+00:00,SINGLE,0.0,0.0,-100.0,,
2026-03-08T14:20:25.345396+00:00,2026-03-05,NYC,KLGA,38-39,BUY_YES,0.0555,12.5,0.0,,,{},45,LOSS,-12.5,,2026-03-03T12:07:25.264770+00:00,TOP2_EQUAL,0.0,0.0,-100.0,,
2026-03-08T14:20:25.346405+00:00,2026-03-05,NYC,KLGA,48-49,BUY_YES,0.057999999999999996,5.0,0.0,,,{},45,LOSS,-5.0,,2026-03-03T12:07:25.266063+00:00,TOP2_EQUAL,0.0,0.0,-100.0,,
2026-03-08T14:20:25.623959+00:00,2026-03-05,Miami,KMIA,78-79,BUY_YES,0.165,10.95,0.0,,,{},84,LOSS,-10.95,,2026-03-03T12:07:25.271254+00:00,TOP2_EQUAL,0.0,0.0,-100.0,,
2026-03-08T14:20:25.625918+00:00,2026-03-05,NYC,KLGA,44-45,BUY_YES,0.24000000000000002,7.26,0.0,,,{},45,WIN,22.99,,2026-03-03T12:30:28.701065+00:00,TOP2_EQUAL,0.0,0.0,316.67,,
2026-03-08T14:20:25.627604+00:00,2026-03-05,Miami,KMIA,76-77,BUY_YES,0.05500000000000001,5.61,0.0,,,{},84,LOSS,-5.61,,2026-03-03T12:30:28.722035+00:00,TOP2_EQUAL,0.0,0.0,-100.0,,
2026-03-08T14:20:25.906025+00:00,2026-03-05,Dallas,KDFW,76-77,BUY_YES,0.09000000000000001,10.25,0.0,,,{},82,LOSS,-10.25,,2026-03-03T12:30:28.729622+00:00,TOP2_EQUAL,0.0,0.0,-100.0,,
2026-03-08T14:20:26.173294+00:00,2026-03-05,Seattle,KSEA,46-47,BUY_YES,0.08499999999999999,5.0,0.0,,,{},51,LOSS,-5.0,,2026-03-03T13:31:01.425256+00:00,TOP2_EQUAL,0.0,0.0,-100.0,,
2026-03-08T14:20:26.418944+00:00,2026-03-05,Atlanta,KATL,76-77,BUY_YES,0.12000000000000002,5.0,0.0,,,{},81,LOSS,-5.0,,2026-03-03T13:31:01.478662+00:00,TOP2_EQUAL,0.0,0.0,-100.0,,
2026-03-08T14:20:26.668998+00:00,2026-03-05,Seoul,RKSI,11+,BUY_YES,0.07,6.819999999999999,0.0,,,{},10,LOSS,-6.82,,2026-03-03T13:31:01.481718+00:00,TOP2_EQUAL,0.0,0.0,-100.0,,
2026-03-08T14:20:26.903687+00:00,2026-03-05,Wellington,NZWN,22+,BUY_YES,0.06,5.45,0.0,,,{},20,LOSS,-5.45,,2026-03-03T13:31:01.483142+00:00,TOP2_EQUAL,0.0,0.0,-100.0,,
2026-03-08T14:20:27.164732+00:00,2026-03-05,Paris,LFPG,21+,BUY_YES,0.06000000000000001,5.0,0.0,,,{},18,LOSS,-5.0,,2026-03-03T18:30:18.383473+00:00,TOP2_EQUAL,0.0,0.0,-100.0,,
2026-03-08T14:20:27.414646+00:00,2026-03-05,Toronto,CYYZ,5+,BUY_YES,0.08,5.0,0.0,,,{},5,WIN,57.5,,2026-03-03T18:30:18.385059+00:00,TOP2_EQUAL,0.0,0.0,1150.0,,
2026-03-08T14:20:27.652481+00:00,2026-03-05,Ankara,LTAC,13+,BUY_YES,0.11000000000000001,5.0,0.0,,,{},11,LOSS,-5.0,,2026-03-03T19:01:07.185323+00:00,TOP2_EQUAL,0.0,0.0,-100.0,,
2026-03-08T14:20:27.653733+00:00,2026-03-05,NYC,KLGA,40-41,BUY_YES,0.22000000000000003,5.0,0.0,,,{},45,LOSS,-5.0,,2026-03-04T06:10:44.977737+00:00,TOP2_EQUAL,0.0,0.0,-100.0,,
2026-03-08T14:20:27.654868+00:00,2026-03-05,NYC,KLGA,42-43,BUY_YES,0.25,5.0,0.0,,,{},45,LOSS,-5.0,,2026-03-04T06:10:44.979976+00:00,TOP2_EQUAL,0.0,0.0,-100.0,,
2026-03-08T14:20:27.899140+00:00,2026-03-05,Chicago,KORD,46-47,BUY_YES,0.255,5.0,0.0,,,{},50,LOSS,-5.0,,2026-03-04T06:10:44.981803+00:00,TOP2_EQUAL,0.0,0.0,-100.0,,
2026-03-08T14:20:27.900076+00:00,2026-03-05,Seattle,KSEA,48-49,BUY_YES,0.315,5.0,0.0,,,{},51,LOSS,-5.0,,2026-03-04T06:10:44.986533+00:00,TOP2_EQUAL,0.0,0.0,-100.0,,
2026-03-08T14:20:27.900489+00:00,2026-03-05,Dallas,KDFW,78-79,BUY_YES,0.195,5.0,0.0,,,{},82,LOSS,-5.0,,2026-03-04T06:10:44.988735+00:00,TOP2_EQUAL,0.0,0.0,-100.0,,
2026-03-08T14:20:27.900888+00:00,2026-03-05,Atlanta,KATL,78-79,BUY_YES,0.20500000000000002,5.0,0.0,,,{},81,LOSS,-5.0,,2026-03-04T06:10:44.990751+00:00,TOP2_EQUAL,0.0,0.0,-100.0,,
2026-03-08T14:20:28.136590+00:00,2026-03-05,Buenos Aires,SAEZ,28+,BUY_YES,0.3105,5.0,0.0,,,{},29,WIN,11.1031,,2026-03-04T06:10:44.992782+00:00,TOP2_EQUAL,0.0,0.0,222.06,,
2026-03-08T14:20:28.137876+00:00,2026-03-05,Chicago,KORD,48-49,BUY_YES,0.16499999999999998,5.0,0.0,,,{},50,LOSS,-5.0,,2026-03-04T06:40:32.962437+00:00,TOP2_EQUAL,0.0,0.0,-100.0,,
2026-03-08T14:20:28.138448+00:00,2026-03-05,Chicago,KORD,50-51,BUY_YES,0.0505,5.0,0.0,,,{},50,WIN,94.0099,,2026-03-04T06:40:32.964507+00:00,TOP2_EQUAL,0.0,0.0,1880.2,,
2026-03-08T14:20:28.138893+00:00,2026-03-05,Dallas,KDFW,80-81,BUY_YES,0.275,5.0,0.0,,,{},82,LOSS,-5.0,,2026-03-04T06:40:32.966626+00:00,TOP2_EQUAL,0.0,0.0,-100.0,,
2026-03-08T14:20:28.139309+00:00,2026-03-05,Chicago,KORD,44-45,BUY_YES,0.24000000000000005,5.0,0.0,,,{},50,LOSS,-5.0,,2026-03-04T10:00:28.179941+00:00,TOP2_EQUAL,0.0,0.0,-100.0,,
2026-03-08T14:20:28.139945+00:00,2026-03-05,Atlanta,KATL,80-81,BUY_YES,0.225,5.0,0.0,,,{},81,WIN,17.2222,,2026-03-04T10:00:28.182108+00:00,TOP2_EQUAL,0.0,0.0,344.44,,
2026-03-08T14:20:28.140812+00:00,2026-03-05,Atlanta,KATL,82+,BUY_YES,0.275,5.0,0.0,,,{},81,LOSS,-5.0,,2026-03-04T10:31:09.614572+00:00,TOP2_EQUAL,0.0,0.0,-100.0,,
2026-03-08T14:20:28.380867+00:00,2026-03-06,Chicago,KORD,60-61,BUY_YES,0.06000000000000001,5.0,0.0,,,{},66,LOSS,-5.0,,2026-03-04T13:00:20.369625+00:00,TOP2_EQUAL,0.0,0.0,-100.0,,
2026-03-08T14:20:28.382123+00:00,2026-03-06,Chicago,KORD,72+,BUY_YES,0.07,5.0,0.0,,,{},66,LOSS,-5.0,,2026-03-04T13:00:20.372103+00:00,TOP2_EQUAL,0.0,0.0,-100.0,,
2026-03-08T14:20:28.382715+00:00,2026-03-05,Miami,KMIA,80-81,BUY_YES,0.365,5.0,0.0,,,{},84,LOSS,-5.0,,2026-03-04T13:00:20.374262+00:00,TOP2_EQUAL,0.0,0.0,-100.0,,
2026-03-08T14:20:28.383336+00:00,2026-03-05,Seattle,KSEA,50-51,BUY_YES,0.365,5.0,0.0,,,{},51,WIN,8.6986,,2026-03-04T13:00:20.376783+00:00,TOP2_EQUAL,0.0,0.0,173.97,,
2026-03-08T14:20:28.639830+00:00,2026-03-06,Dallas,KDFW,76-77,BUY_YES,0.14,5.0,0.0,,,{},82,LOSS,-5.0,,2026-03-04T13:00:20.379165+00:00,TOP2_EQUAL,0.0,0.0,-100.0,,
2026-03-08T14:20:28.878582+00:00,2026-03-06,Atlanta,KATL,76-77,BUY_YES,0.11000000000000001,5.0,0.0,,,{},83,LOSS,-5.0,,2026-03-04T13:00:20.381806+00:00,TOP2_EQUAL,0.0,0.0,-100.0,,
2026-03-08T14:20:29.109016+00:00,2026-03-06,Wellington,NZWN,22+,BUY_YES,0.095,5.0,0.0,,,{},21,LOSS,-5.0,,2026-03-04T13:00:20.384327+00:00,TOP2_EQUAL,0.0,0.0,-100.0,,
2026-03-08T14:20:29.350687+00:00,2026-03-06,Seoul,RKSI,7+,BUY_YES,0.14500000000000002,5.0,0.0,,,{},5,LOSS,-5.0,,2026-03-04T13:20:38.664462+00:00,TOP2_EQUAL,0.0,0.0,-100.0,,
2026-03-08T14:20:29.351942+00:00,2026-03-06,Chicago,KORD,70-71,BUY_YES,0.135,5.000000000000001,0.0,,,{},66,LOSS,-5.0,,2026-03-04T13:30:26.045183+00:00,TOP2_EQUAL,0.0,0.0,-100.0,,
2026-03-08T14:20:29.594525+00:00,2026-03-06,Miami,KMIA,78-79,BUY_YES,0.07,5.0,0.0,,,{},84,LOSS,-5.0,,2026-03-04T18:30:21.554515+00:00,TOP2_EQUAL,0.0,0.0,-100.0,,
2026-03-08T14:20:29.831353+00:00,2026-03-06,Seattle,KSEA,48-49,BUY_YES,0.10500000000000001,5.0,0.0,,,{},50,LOSS,-5.0,,2026-03-04T18:30:21.557415+00:00,TOP2_EQUAL,0.0,0.0,-100.0,,
2026-03-08T14:20:30.076786+00:00,2026-03-06,Paris,LFPG,21+,BUY_YES,0.14500000000000002,5.0,0.0,,,{},17,LOSS,-5.0,,2026-03-04T18:30:21.560002+00:00,TOP2_EQUAL,0.0,0.0,-100.0,,
2026-03-08T14:20:30.340523+00:00,2026-03-06,Ankara,LTAC,12+,BUY_YES,0.14500000000000002,5.0,0.0,,,{},9,LOSS,-5.0,,2026-03-04T18:30:21.562552+00:00,TOP2_EQUAL,0.0,0.0,-100.0,,
2026-03-08T14:20:30.341880+00:00,2026-03-05,Seattle,KSEA,52-53,BUY_YES,0.22000000000000003,5.0,0.0,,,{},51,LOSS,-5.0,,2026-03-04T23:00:21.818211+00:00,TOP2_EQUAL,0.0,0.0,-100.0,,
2026-03-08T14:20:30.342399+00:00,2026-03-05,NYC,KLGA,46-47,BUY_YES,0.1915,5.0,0.0,,,{},45,LOSS,-5.0,,2026-03-05T06:10:22.560428+00:00,TOP2_EQUAL,0.0,0.0,-100.0,,
2026-03-08T14:20:30.606488+00:00,2026-03-06,NYC,KLGA,40-41,BUY_YES,0.29000000000000004,5.0,0.0,,,{},41,WIN,12.2414,,2026-03-05T06:10:22.592326+00:00,TOP2_EQUAL,0.0,0.0,244.83,,
2026-03-08T14:20:30.608030+00:00,2026-03-06,Chicago,KORD,68-69,BUY_YES,0.2,5.0,0.0,,,{},66,LOSS,-5.0,,2026-03-05T06:10:22.595835+00:00,TOP2_EQUAL,0.0,0.0,-100.0,,
2026-03-08T14:20:30.608668+00:00,2026-03-06,Miami,KMIA,80-81,BUY_YES,0.32499999999999996,5.0,0.0,,,{},84,LOSS,-5.0,,2026-03-05T06:10:22.599330+00:00,TOP2_EQUAL,0.0,0.0,-100.0,,
2026-03-08T14:20:30.609050+00:00,2026-03-06,Seattle,KSEA,50-51,BUY_YES,0.345,5.0,0.0,,,{},50,WIN,9.4928,,2026-03-05T06:10:22.602988+00:00,TOP2_EQUAL,0.0,0.0,189.86,,
2026-03-08T14:20:30.609403+00:00,2026-03-06,Dallas,KDFW,78-79,BUY_YES,0.24000000000000005,5.0,0.0,,,{},82,LOSS,-5.0,,2026-03-05T06:10:22.606210+00:00,TOP2_EQUAL,0.0,0.0,-100.0,,
2026-03-08T14:20:30.848675+00:00,2026-03-06,Toronto,CYYZ,5+,BUY_YES,0.18,5.0,0.0,,,{},2,LOSS,-5.0,,2026-03-05T06:10:22.609592+00:00,TOP2_EQUAL,0.0,0.0,-100.0,,
2026-03-08T14:20:31.092032+00:00,2026-03-06,Buenos Aires,SAEZ,25+,BUY_YES,0.38,5.0,0.0,,,{},26,WIN,8.1579,,2026-03-05T10:02:12.465498+00:00,TOP2_EQUAL,0.0,0.0,163.16,,
2026-03-08T14:20:31.093090+00:00,2026-03-06,NYC,KLGA,42-43,BUY_YES,0.185,5.0,0.0,,,{},41,LOSS,-5.0,,2026-03-05T13:36:27.984596+00:00,TOP2_EQUAL,0.0,0.0,-100.0,,
2026-03-08T14:20:31.093487+00:00,2026-03-06,NYC,KLGA,44-45,BUY_YES,0.125,5.0,0.0,,,{},41,LOSS,-5.0,,2026-03-05T13:36:28.221870+00:00,TOP2_EQUAL,0.0,0.0,-100.0,,
2026-03-08T14:20:31.093900+00:00,2026-03-06,Chicago,KORD,64-65,BUY_YES,0.155,5.0,0.0,,,{},66,LOSS,-5.0,,2026-03-05T14:59:00.487533+00:00,TOP2_EQUAL,0.0,0.0,-100.0,,
2026-03-08T14:20:31.094220+00:00,2026-03-06,Miami,KMIA,84-85,BUY_YES,0.135,5.000000000000001,0.0,,,{},84,WIN,32.037,,2026-03-05T14:59:00.492165+00:00,TOP2_EQUAL,0.0,0.0,640.74,,
2026-03-08T14:20:31.094933+00:00,2026-03-06,Seattle,KSEA,52-53,BUY_YES,0.22999999999999998,5.0,0.0,,,{},50,LOSS,-5.0,,2026-03-05T14:59:00.495762+00:00,TOP2_EQUAL,0.0,0.0,-100.0,,
2026-03-08T14:20:31.096081+00:00,2026-03-06,Seattle,KSEA,54+,BUY_YES,0.08,5.0,0.0,,,{},50,LOSS,-5.0,,2026-03-05T14:59:00.500315+00:00,TOP2_EQUAL,0.0,0.0,-100.0,,
2026-03-08T14:20:31.097089+00:00,2026-03-06,Atlanta,KATL,74-75,BUY_YES,0.05,5.0,0.0,,,{},83,LOSS,-5.0,,2026-03-05T14:59:00.504772+00:00,TOP2_EQUAL,0.0,0.0,-100.0,,
2026-03-08T14:20:31.467788+00:00,2026-03-07,NYC,KLGA,44-45,BUY_YES,0.1,5.0,0.0,,,{},49,LOSS,-5.0,,2026-03-05T22:26:55.670650+00:00,TOP2_EQUAL,0.0,0.0,-100.0,,
2026-03-08T14:20:31.721079+00:00,2026-03-07,Chicago,KORD,58-59,BUY_YES,0.08499999999999999,5.0,0.0,,,{},65,LOSS,-5.0,,2026-03-05T22:26:55.909183+00:00,TOP2_EQUAL,0.0,0.0,-100.0,,
2026-03-08T14:20:31.722348+00:00,2026-03-07,Miami,KMIA,80-81,BUY_YES,0.385,5.0,0.0,,,{},83,LOSS,-5.0,,2026-03-06T08:34:53.564704+00:00,TOP2_EQUAL,0.0,0.0,-100.0,,
2026-03-08T14:20:31.723478+00:00,2026-03-06,Atlanta,KATL,78-79,BUY_YES,0.11499999999999999,5.0,0.0,,,{},83,LOSS,-5.0,,2026-03-06T08:34:53.634566+00:00,TOP2_EQUAL,0.0,0.0,-100.0,,
2026-03-08T14:20:31.724073+00:00,2026-03-07,NYC,KLGA,46-47,BUY_YES,0.2,5.0,0.0,,,{},49,LOSS,-5.0,,2026-03-06T19:18:20.005536+00:00,TOP2_EQUAL,0.0,0.0,-100.0,,
2026-03-08T14:20:31.724475+00:00,2026-03-07,Miami,KMIA,78-79,BUY_YES,0.065,5.0,0.0,,,{},83,LOSS,-5.0,,2026-03-06T19:18:20.023855+00:00,TOP2_EQUAL,0.0,0.0,-100.0,,
2026-03-08T14:20:31.725210+00:00,2026-03-07,Seattle,KSEA,50-51,BUY_YES,0.07500000000000001,5.0,0.0,,,{},54,LOSS,-5.0,,2026-03-06T19:18:20.031227+00:00,TOP2_EQUAL,0.0,0.0,-100.0,,
2026-03-08T14:20:31.725642+00:00,2026-03-07,Seattle,KSEA,52-53,BUY_YES,0.41000000000000003,5.0,0.0,,,{},54,LOSS,-5.0,,2026-03-06T19:18:20.038058+00:00,TOP2_EQUAL,0.0,0.0,-100.0,,
2026-03-08T14:20:31.725996+00:00,2026-03-07,Atlanta,KATL,76-77,BUY_YES,0.07500000000000001,5.0,0.0,,,{},83,LOSS,-5.0,,2026-03-06T19:18:20.044991+00:00,TOP2_EQUAL,0.0,0.0,-100.0,,
2026-03-08T14:20:31.726550+00:00,2026-03-07,Atlanta,KATL,78-79,BUY_YES,0.16,5.0,0.0,,,{},83,LOSS,-5.0,,2026-03-06T19:18:20.243240+00:00,TOP2_EQUAL,0.0,0.0,-100.0,,
2026-03-08T14:20:31.727142+00:00,2026-03-07,Ankara,LTAC,9+,BUY_YES,0.05500000000000001,5.0,0.0,,,{},7,LOSS,-5.0,,2026-03-06T19:18:20.257147+00:00,TOP2_EQUAL,0.0,0.0,-100.0,,
2026-03-08T14:20:31.727526+00:00,2026-03-07,Wellington,NZWN,23+,BUY_YES,0.0505,5.0,0.0,,,{},21,LOSS,-5.0,,2026-03-06T21:02:44.028854+00:00,TOP2_EQUAL,0.0,0.0,-100.0,,
2026-03-08T14:20:31.727865+00:00,2026-03-05,NYC,KLGA,38-39,BUY_YES,0.0555,25.0,0.0,,,{},45,LOSS,-25.0,,2026-03-03T12:07:25.276104+00:00,TOP2_COND,0.0,0.0,-100.0,,
2026-03-08T14:20:31.728260+00:00,2026-03-05,NYC,KLGA,48-49,BUY_YES,0.057999999999999996,7.01,0.0,,,{},45,LOSS,-7.01,,2026-03-03T12:07:25.277498+00:00,TOP2_COND,0.0,0.0,-100.0,,
2026-03-08T14:20:31.728586+00:00,2026-03-05,NYC,KLGA,44-45,BUY_YES,0.24000000000000002,14.53,0.0,,,{},45,WIN,46.0117,,2026-03-03T12:30:28.732969+00:00,TOP2_COND,0.0,0.0,316.67,,
2026-03-08T14:20:31.728907+00:00,2026-03-05,Miami,KMIA,76-77,BUY_YES,0.05500000000000001,11.22,0.0,,,{},84,LOSS,-11.22,,2026-03-03T12:30:28.738147+00:00,TOP2_COND,0.0,0.0,-100.0,,
2026-03-08T14:20:31.729217+00:00,2026-03-05,Dallas,KDFW,76-77,BUY_YES,0.105,11.08,0.0,,,{},82,LOSS,-11.08,,2026-03-03T13:17:54.775495+00:00,TOP2_COND,0.0,0.0,-100.0,,
2026-03-08T14:20:31.729523+00:00,2026-03-05,Miami,KMIA,78-79,BUY_YES,0.09,8.84,0.0,,,{},84,LOSS,-8.84,,2026-03-03T13:31:01.486213+00:00,TOP2_COND,0.0,0.0,-100.0,,
2026-03-08T14:20:31.729825+00:00,2026-03-05,Seattle,KSEA,46-47,BUY_YES,0.08499999999999999,5.0,0.0,,,{},51,LOSS,-5.0,,2026-03-03T13:31:01.487388+00:00,TOP2_COND,0.0,0.0,-100.0,,
2026-03-08T14:20:31.730127+00:00,2026-03-05,Atlanta,KATL,76-77,BUY_YES,0.12000000000000002,5.0,0.0,,,{},81,LOSS,-5.0,,2026-03-03T13:31:01.488658+00:00,TOP2_COND,0.0,0.0,-100.0,,
2026-03-08T14:20:31.730428+00:00,2026-03-05,Seoul,RKSI,11+,BUY_YES,0.07,13.629999999999999,0.0,,,{},10,LOSS,-13.63,,2026-03-03T13:31:01.491396+00:00,TOP2_COND,0.0,0.0,-100.0,,
2026-03-08T14:20:31.730765+00:00,2026-03-05,Paris,LFPG,21+,BUY_YES,0.060000000000000005,8.14,0.0,,,{},18,LOSS,-8.14,,2026-03-03T18:30:18.394253+00:00,TOP2_COND,0.0,0.0,-100.0,,
2026-03-08T14:20:31.731067+00:00,2026-03-05,Toronto,CYYZ,5+,BUY_YES,0.08,6.57,0.0,,,{},5,WIN,75.555,,2026-03-03T18:30:18.395806+00:00,TOP2_COND,0.0,0.0,1150.0,,
2026-03-08T14:20:31.731378+00:00,2026-03-05,Ankara,LTAC,13+,BUY_YES,0.11000000000000001,5.0,0.0,,,{},11,LOSS,-5.0,,2026-03-03T19:01:07.195022+00:00,TOP2_COND,0.0,0.0,-100.0,,
2026-03-08T14:20:31.731703+00:00,2026-03-05,NYC,KLGA,40-41,BUY_YES,0.22000000000000003,5.0,0.0,,,{},45,LOSS,-5.0,,2026-03-04T06:10:44.997372+00:00,TOP2_COND,0.0,0.0,-100.0,,
2026-03-08T14:20:31.732040+00:00,2026-03-05,NYC,KLGA,42-43,BUY_YES,0.25,5.0,0.0,,,{},45,LOSS,-5.0,,2026-03-04T06:10:44.998971+00:00,TOP2_COND,0.0,0.0,-100.0,,
2026-03-08T14:20:31.732362+00:00,2026-03-05,Chicago,KORD,46-47,BUY_YES,0.255,5.0,0.0,,,{},50,LOSS,-5.0,,2026-03-04T06:10:45.000718+00:00,TOP2_COND,0.0,0.0,-100.0,,
2026-03-08T14:20:31.732675+00:00,2026-03-05,Seattle,KSEA,48-49,BUY_YES,0.315,5.0,0.0,,,{},51,LOSS,-5.0,,2026-03-04T06:10:45.004223+00:00,TOP2_COND,0.0,0.0,-100.0,,
2026-03-08T14:20:31.732983+00:00,2026-03-05,Dallas,KDFW,78-79,BUY_YES,0.195,5.0,0.0,,,{},82,LOSS,-5.0,,2026-03-04T06:10:45.006028+00:00,TOP2_COND,0.0,0.0,-100.0,,
2026-03-08T14:20:31.733648+00:00,2026-03-05,Atlanta,KATL,78-79,BUY_YES,0.20500000000000002,5.0,0.0,,,{},81,LOSS,-5.0,,2026-03-04T06:10:45.007725+00:00,TOP2_COND,0.0,0.0,-100.0,,
2026-03-08T14:20:31.734036+00:00,2026-03-05,Buenos Aires,SAEZ,28+,BUY_YES,0.3105,5.0,0.0,,,{},29,WIN,11.1031,,2026-03-04T06:10:45.010008+00:00,TOP2_COND,0.0,0.0,222.06,,
2026-03-08T14:20:31.734490+00:00,2026-03-05,Chicago,KORD,48-49,BUY_YES,0.16499999999999998,5.0,0.0,,,{},50,LOSS,-5.0,,2026-03-04T06:40:32.972450+00:00,TOP2_COND,0.0,0.0,-100.0,,
2026-03-08T14:20:31.734861+00:00,2026-03-05,Chicago,KORD,50-51,BUY_YES,0.0505,5.0,0.0,,,{},50,WIN,94.0099,,2026-03-04T06:40:32.974406+00:00,TOP2_COND,0.0,0.0,1880.2,,
2026-03-08T14:20:31.735193+00:00,2026-03-05,Dallas,KDFW,80-81,BUY_YES,0.275,5.0,0.0,,,{},82,LOSS,-5.0,,2026-03-04T06:40:32.976578+00:00,TOP2_COND,0.0,0.0,-100.0,,
2026-03-08T14:20:31.735504+00:00,2026-03-05,Chicago,KORD,44-45,BUY_YES,0.24000000000000005,5.0,0.0,,,{},50,LOSS,-5.0,,2026-03-04T10:00:28.184947+00:00,TOP2_COND,0.0,0.0,-100.0,,
2026-03-08T14:20:31.735817+00:00,2026-03-05,Atlanta,KATL,80-81,BUY_YES,0.225,5.0,0.0,,,{},81,WIN,17.2222,,2026-03-04T10:00:28.186427+00:00,TOP2_COND,0.0,0.0,344.44,,
2026-03-08T14:20:31.736125+00:00,2026-03-05,Atlanta,KATL,82+,BUY_YES,0.275,5.0,0.0,,,{},81,LOSS,-5.0,,2026-03-04T10:31:09.619970+00:00,TOP2_COND,0.0,0.0,-100.0,,
2026-03-08T14:20:31.736482+00:00,2026-03-06,Chicago,KORD,60-61,BUY_YES,0.06000000000000001,5.0,0.0,,,{},66,LOSS,-5.0,,2026-03-04T13:00:20.389975+00:00,TOP2_COND,0.0,0.0,-100.0,,
2026-03-08T14:20:31.736803+00:00,2026-03-06,Chicago,KORD,72+,BUY_YES,0.07,5.0,0.0,,,{},66,LOSS,-5.0,,2026-03-04T13:00:20.392974+00:00,TOP2_COND,0.0,0.0,-100.0,,
2026-03-08T14:20:31.737398+00:00,2026-03-05,Miami,KMIA,80-81,BUY_YES,0.365,5.0,0.0,,,{},84,LOSS,-5.0,,2026-03-04T13:00:20.395668+00:00,TOP2_COND,0.0,0.0,-100.0,,
2026-03-08T14:20:31.737925+00:00,2026-03-05,Seattle,KSEA,50-51,BUY_YES,0.365,5.0,0.0,,,{},51,WIN,8.6986,,2026-03-04T13:00:20.398419+00:00,TOP2_COND,0.0,0.0,173.97,,
2026-03-08T14:20:31.738358+00:00,2026-03-06,Dallas,KDFW,76-77,BUY_YES,0.14,5.0,0.0,,,{},82,LOSS,-5.0,,2026-03-04T13:00:20.401263+00:00,TOP2_COND,0.0,0.0,-100.0,,
2026-03-08T14:20:31.738786+00:00,2026-03-06,Atlanta,KATL,76-77,BUY_YES,0.11000000000000001,5.0,0.0,,,{},83,LOSS,-5.0,,2026-03-04T13:00:20.403691+00:00,TOP2_COND,0.0,0.0,-100.0,,
2026-03-08T14:20:31.739224+00:00,2026-03-06,Wellington,NZWN,22+,BUY_YES,0.095,5.0,0.0,,,{},21,LOSS,-5.0,,2026-03-04T13:00:20.406515+00:00,TOP2_COND,0.0,0.0,-100.0,,
2026-03-08T14:20:31.739598+00:00,2026-03-06,Seoul,RKSI,7+,BUY_YES,0.14500000000000002,5.0,0.0,,,{},5,LOSS,-5.0,,2026-03-04T13:20:38.668990+00:00,TOP2_COND,0.0,0.0,-100.0,,
2026-03-08T14:20:31.739977+00:00,2026-03-06,Chicago,KORD,70-71,BUY_YES,0.135,5.000000000000001,0.0,,,{},66,LOSS,-5.0,,2026-03-04T13:30:26.049683+00:00,TOP2_COND,0.0,0.0,-100.0,,
2026-03-08T14:20:31.740290+00:00,2026-03-06,Miami,KMIA,78-79,BUY_YES,0.07,5.0,0.0,,,{},84,LOSS,-5.0,,2026-03-04T18:30:21.567788+00:00,TOP2_COND,0.0,0.0,-100.0,,
2026-03-08T14:20:31.740619+00:00,2026-03-06,Seattle,KSEA,48-49,BUY_YES,0.10500000000000001,5.0,0.0,,,{},50,LOSS,-5.0,,2026-03-04T18:30:21.570251+00:00,TOP2_COND,0.0,0.0,-100.0,,
2026-03-08T14:20:31.740934+00:00,2026-03-06,Paris,LFPG,21+,BUY_YES,0.14500000000000002,5.0,0.0,,,{},17,LOSS,-5.0,,2026-03-04T18:30:21.572757+00:00,TOP2_COND,0.0,0.0,-100.0,,
2026-03-08T14:20:31.741259+00:00,2026-03-06,Ankara,LTAC,12+,BUY_YES,0.14500000000000002,5.0,0.0,,,{},9,LOSS,-5.0,,2026-03-04T18:30:21.575154+00:00,TOP2_COND,0.0,0.0,-100.0,,
2026-03-08T14:20:31.741714+00:00,2026-03-05,Seattle,KSEA,52-53,BUY_YES,0.22000000000000003,5.0,0.0,,,{},51,LOSS,-5.0,,2026-03-04T23:00:21.867946+00:00,TOP2_COND,0.0,0.0,-100.0,,
2026-03-08T14:20:31.742086+00:00,2026-03-05,NYC,KLGA,46-47,BUY_YES,0.1915,5.0,0.0,,,{},45,LOSS,-5.0,,2026-03-05T06:10:22.616419+00:00,TOP2_COND,0.0,0.0,-100.0,,
2026-03-08T14:20:31.742426+00:00,2026-03-06,NYC,KLGA,40-41,BUY_YES,0.29000000000000004,5.0,0.0,,,{},41,WIN,12.2414,,2026-03-05T06:10:22.620776+00:00,TOP2_COND,0.0,0.0,244.83,,
2026-03-08T14:20:31.742787+00:00,2026-03-06,Chicago,KORD,68-69,BUY_YES,0.2,5.0,0.0,,,{},66,LOSS,-5.0,,2026-03-05T06:10:22.623891+00:00,TOP2_COND,0.0,0.0,-100.0,,
2026-03-08T14:20:31.743246+00:00,2026-03-06,Miami,KMIA,80-81,BUY_YES,0.32499999999999996,5.0,0.0,,,{},84,LOSS,-5.0,,2026-03-05T06:10:22.627060+00:00,TOP2_COND,0.0,0.0,-100.0,,
2026-03-08T14:20:31.743592+00:00,2026-03-06,Seattle,KSEA,50-51,BUY_YES,0.345,5.0,0.0,,,{},50,WIN,9.4928,,2026-03-05T06:10:22.630136+00:00,TOP2_COND,0.0,0.0,189.86,,
2026-03-08T14:20:31.744074+00:00,2026-03-06,Dallas,KDFW,78-79,BUY_YES,0.24000000000000005,5.0,0.0,,,{},82,LOSS,-5.0,,2026-03-05T06:10:22.633333+00:00,TOP2_COND,0.0,0.0,-100.0,,
2026-03-08T14:20:31.744500+00:00,2026-03-06,Toronto,CYYZ,5+,BUY_YES,0.18,5.0,0.0,,,{},2,LOSS,-5.0,,2026-03-05T06:10:22.636719+00:00,TOP2_COND,0.0,0.0,-100.0,,
2026-03-08T14:20:31.744877+00:00,2026-03-06,Buenos Aires,SAEZ,25+,BUY_YES,0.38,5.0,0.0,,,{},26,WIN,8.1579,,2026-03-05T10:02:12.499652+00:00,TOP2_COND,0.0,0.0,163.16,,
2026-03-08T14:20:31.745268+00:00,2026-03-06,NYC,KLGA,42-43,BUY_YES,0.185,5.0,0.0,,,{},41,LOSS,-5.0,,2026-03-05T13:36:28.227472+00:00,TOP2_COND,0.0,0.0,-100.0,,
2026-03-08T14:20:31.745621+00:00,2026-03-06,NYC,KLGA,44-45,BUY_YES,0.125,5.0,0.0,,,{},41,LOSS,-5.0,,2026-03-05T13:36:28.233254+00:00,TOP2_COND,0.0,0.0,-100.0,,
2026-03-08T14:20:31.746032+00:00,2026-03-06,Chicago,KORD,64-65,BUY_YES,0.155,5.0,0.0,,,{},66,LOSS,-5.0,,2026-03-05T14:59:00.511640+00:00,TOP2_COND,0.0,0.0,-100.0,,
2026-03-08T14:20:31.746389+00:00,2026-03-06,Miami,KMIA,84-85,BUY_YES,0.135,5.000000000000001,0.0,,,{},84,WIN,32.037,,2026-03-05T14:59:00.516060+00:00,TOP2_COND,0.0,0.0,640.74,,
2026-03-08T14:20:31.746720+00:00,2026-03-06,Seattle,KSEA,52-53,BUY_YES,0.22999999999999998,5.0,0.0,,,{},50,LOSS,-5.0,,2026-03-05T14:59:00.708758+00:00,TOP2_COND,0.0,0.0,-100.0,,
2026-03-08T14:20:31.747053+00:00,2026-03-06,Seattle,KSEA,54+,BUY_YES,0.08,5.0,0.0,,,{},50,LOSS,-5.0,,2026-03-05T14:59:00.712252+00:00,TOP2_COND,0.0,0.0,-100.0,,
2026-03-08T14:20:31.747437+00:00,2026-03-06,Atlanta,KATL,74-75,BUY_YES,0.05,5.0,0.0,,,{},83,LOSS,-5.0,,2026-03-05T14:59:00.715706+00:00,TOP2_COND,0.0,0.0,-100.0,,
2026-03-08T14:20:31.747900+00:00,2026-03-07,NYC,KLGA,44-45,BUY_YES,0.1,5.0,0.0,,,{},49,LOSS,-5.0,,2026-03-05T22:26:55.936262+00:00,TOP2_COND,0.0,0.0,-100.0,,
2026-03-08T14:20:31.748245+00:00,2026-03-07,Chicago,KORD,58-59,BUY_YES,0.08499999999999999,5.0,0.0,,,{},65,LOSS,-5.0,,2026-03-05T22:26:55.947761+00:00,TOP2_COND,0.0,0.0,-100.0,,
2026-03-08T14:20:31.748635+00:00,2026-03-07,Miami,KMIA,80-81,BUY_YES,0.385,5.0,0.0,,,{},83,LOSS,-5.0,,2026-03-06T08:34:53.695483+00:00,TOP2_COND,0.0,0.0,-100.0,,
2026-03-08T14:20:31.749127+00:00,2026-03-06,Atlanta,KATL,78-79,BUY_YES,0.11499999999999999,5.0,0.0,,,{},83,LOSS,-5.0,,2026-03-06T08:34:53.746674+00:00,TOP2_COND,0.0,0.0,-100.0,,
2026-03-08T14:20:31.749457+00:00,2026-03-07,NYC,KLGA,46-47,BUY_YES,0.2,5.0,0.0,,,{},49,LOSS,-5.0,,2026-03-06T19:18:20.267763+00:00,TOP2_COND,0.0,0.0,-100.0,,
2026-03-08T14:20:31.749832+00:00,2026-03-07,Miami,KMIA,78-79,BUY_YES,0.065,5.0,0.0,,,{},83,LOSS,-5.0,,2026-03-06T19:18:20.277579+00:00,TOP2_COND,0.0,0.0,-100.0,,
2026-03-08T14:20:31.750236+00:00,2026-03-07,Seattle,KSEA,50-51,BUY_YES,0.07500000000000001,5.0,0.0,,,{},54,LOSS,-5.0,,2026-03-06T19:18:20.285228+00:00,TOP2_COND,0.0,0.0,-100.0,,
2026-03-08T14:20:31.750542+00:00,2026-03-07,Seattle,KSEA,52-53,BUY_YES,0.41000000000000003,5.0,0.0,,,{},54,LOSS,-5.0,,2026-03-06T19:18:20.290161+00:00,TOP2_COND,0.0,0.0,-100.0,,
2026-03-08T14:20:31.750880+00:00,2026-03-07,Atlanta,KATL,76-77,BUY_YES,0.07500000000000001,5.0,0.0,,,{},83,LOSS,-5.0,,2026-03-06T19:18:20.486902+00:00,TOP2_COND,0.0,0.0,-100.0,,
2026-03-08T14:20:31.751385+00:00,2026-03-07,Atlanta,KATL,78-79,BUY_YES,0.16,5.0,0.0,,,{},83,LOSS,-5.0,,2026-03-06T19:18:20.491697+00:00,TOP2_COND,0.0,0.0,-100.0,,
2026-03-08T14:20:31.751726+00:00,2026-03-07,Ankara,LTAC,9+,BUY_YES,0.05500000000000001,5.0,0.0,,,{},7,LOSS,-5.0,,2026-03-06T19:18:20.500470+00:00,TOP2_COND,0.0,0.0,-100.0,,
2026-03-08T14:20:31.752162+00:00,2026-03-07,Wellington,NZWN,23+,BUY_YES,0.0505,5.0,0.0,,,{},21,LOSS,-5.0,,2026-03-06T21:02:44.241882+00:00,TOP2_COND,0.0,0.0,-100.0,,
2026-03-08T14:20:31.752511+00:00,2026-03-05,NYC,KLGA,38-39,BUY_YES,0.0555,25.0,0.0,,,{},45,LOSS,-25.0,,2026-03-03T12:07:25.282240+00:00,TOP2_PROP,0.0,0.0,-100.0,,
2026-03-08T14:20:31.752838+00:00,2026-03-05,NYC,KLGA,48-49,BUY_YES,0.057999999999999996,7.01,0.0,,,{},45,LOSS,-7.01,,2026-03-03T12:07:25.283589+00:00,TOP2_PROP,0.0,0.0,-100.0,,
2026-03-08T14:20:31.753171+00:00,2026-03-05,NYC,KLGA,44-45,BUY_YES,0.24000000000000002,14.53,0.0,,,{},45,WIN,46.0117,,2026-03-03T12:30:28.742738+00:00,TOP2_PROP,0.0,0.0,316.67,,
2026-03-08T14:20:31.753666+00:00,2026-03-05,Miami,KMIA,76-77,BUY_YES,0.05500000000000001,11.22,0.0,,,{},84,LOSS,-11.22,,2026-03-03T12:30:28.746780+00:00,TOP2_PROP,0.0,0.0,-100.0,,
2026-03-08T14:20:31.754085+00:00,2026-03-05,Dallas,KDFW,76-77,BUY_YES,0.105,11.08,0.0,,,{},82,LOSS,-11.08,,2026-03-03T13:17:54.778838+00:00,TOP2_PROP,0.0,0.0,-100.0,,
2026-03-08T14:20:31.754445+00:00,2026-03-05,Miami,KMIA,78-79,BUY_YES,0.09,8.84,0.0,,,{},84,LOSS,-8.84,,2026-03-03T13:31:01.494356+00:00,TOP2_PROP,0.0,0.0,-100.0,,
2026-03-08T14:20:31.754835+00:00,2026-03-05,Seattle,KSEA,46-47,BUY_YES,0.08499999999999999,5.0,0.0,,,{},51,LOSS,-5.0,,2026-03-03T13:31:01.495438+00:00,TOP2_PROP,0.0,0.0,-100.0,,
2026-03-08T14:20:31.755300+00:00,2026-03-05,Atlanta,KATL,76-77,BUY_YES,0.12000000000000002,5.0,0.0,,,{},81,LOSS,-5.0,,2026-03-03T13:31:01.496712+00:00,TOP2_PROP,0.0,0.0,-100.0,,
2026-03-08T14:20:31.755636+00:00,2026-03-05,Seoul,RKSI,11+,BUY_YES,0.07,13.629999999999999,0.0,,,{},10,LOSS,-13.63,,2026-03-03T13:31:01.499251+00:00,TOP2_PROP,0.0,0.0,-100.0,,
2026-03-08T14:20:31.755961+00:00,2026-03-05,Paris,LFPG,21+,BUY_YES,0.060000000000000005,8.14,0.0,,,{},18,LOSS,-8.14,,2026-03-03T18:30:18.405366+00:00,TOP2_PROP,0.0,0.0,-100.0,,
2026-03-08T14:20:31.756263+00:00,2026-03-05,Toronto,CYYZ,5+,BUY_YES,0.08,6.57,0.0,,,{},5,WIN,75.555,,2026-03-03T18:30:18.406828+00:00,TOP2_PROP,0.0,0.0,1150.0,,
2026-03-08T14:20:31.756567+00:00,2026-03-05,Ankara,LTAC,13+,BUY_YES,0.11000000000000001,5.0,0.0,,,{},11,LOSS,-5.0,,2026-03-03T19:01:07.203419+00:00,TOP2_PROP,0.0,0.0,-100.0,,
2026-03-08T14:20:31.756870+00:00,2026-03-05,NYC,KLGA,40-41,BUY_YES,0.22000000000000003,5.0,0.0,,,{},45,LOSS,-5.0,,2026-03-04T06:10:45.013900+00:00,TOP2_PROP,0.0,0.0,-100.0,,
2026-03-08T14:20:31.757175+00:00,2026-03-05,NYC,KLGA,42-43,BUY_YES,0.25,5.0,0.0,,,{},45,LOSS,-5.0,,2026-03-04T06:10:45.015624+00:00,TOP2_PROP,0.0,0.0,-100.0,,
2026-03-08T14:20:31.757493+00:00,2026-03-05,Chicago,KORD,46-47,BUY_YES,0.255,5.0,0.0,,,{},50,LOSS,-5.0,,2026-03-04T06:10:45.017552+00:00,TOP2_PROP,0.0,0.0,-100.0,,
2026-03-08T14:20:31.757834+00:00,2026-03-05,Seattle,KSEA,48-49,BUY_YES,0.315,5.0,0.0,,,{},51,LOSS,-5.0,,2026-03-04T06:10:45.021064+00:00,TOP2_PROP,0.0,0.0,-100.0,,
2026-03-08T14:20:31.758184+00:00,2026-03-05,Dallas,KDFW,78-79,BUY_YES,0.195,5.0,0.0,,,{},82,LOSS,-5.0,,2026-03-04T06:10:45.022757+00:00,TOP2_PROP,0.0,0.0,-100.0,,
2026-03-08T14:20:31.758524+00:00,2026-03-05,Atlanta,KATL,78-79,BUY_YES,0.20500000000000002,5.0,0.0,,,{},81,LOSS,-5.0,,2026-03-04T06:10:45.024492+00:00,TOP2_PROP,0.0,0.0,-100.0,,
2026-03-08T14:20:31.758855+00:00,2026-03-05,Buenos Aires,SAEZ,28+,BUY_YES,0.3105,5.0,0.0,,,{},29,WIN,11.1031,,2026-03-04T06:10:45.026252+00:00,TOP2_PROP,0.0,0.0,222.06,,
2026-03-08T14:20:31.759182+00:00,2026-03-05,Chicago,KORD,48-49,BUY_YES,0.16499999999999998,5.0,0.0,,,{},50,LOSS,-5.0,,2026-03-04T06:40:32.982754+00:00,TOP2_PROP,0.0,0.0,-100.0,,
2026-03-08T14:20:31.759499+00:00,2026-03-05,Chicago,KORD,50-51,BUY_YES,0.0505,5.0,0.0,,,{},50,WIN,94.0099,,2026-03-04T06:40:32.985460+00:00,TOP2_PROP,0.0,0.0,1880.2,,
2026-03-08T14:20:31.759834+00:00,2026-03-05,Dallas,KDFW,80-81,BUY_YES,0.275,5.0,0.0,,,{},82,LOSS,-5.0,,2026-03-04T06:40:32.987683+00:00,TOP2_PROP,0.0,0.0,-100.0,,
2026-03-08T14:20:31.760144+00:00,2026-03-05,Chicago,KORD,44-45,BUY_YES,0.24000000000000005,5.0,0.0,,,{},50,LOSS,-5.0,,2026-03-04T10:00:28.189059+00:00,TOP2_PROP,0.0,0.0,-100.0,,
2026-03-08T14:20:31.760466+00:00,2026-03-05,Atlanta,KATL,80-81,BUY_YES,0.225,5.0,0.0,,,{},81,WIN,17.2222,,2026-03-04T10:00:28.190584+00:00,TOP2_PROP,0.0,0.0,344.44,,
2026-03-08T14:20:31.760889+00:00,2026-03-05,Atlanta,KATL,82+,BUY_YES,0.275,5.0,0.0,,,{},81,LOSS,-5.0,,2026-03-04T10:31:09.625568+00:00,TOP2_PROP,0.0,0.0,-100.0,,
2026-03-08T14:20:31.761312+00:00,2026-03-06,Chicago,KORD,60-61,BUY_YES,0.06000000000000001,5.0,0.0,,,{},66,LOSS,-5.0,,2026-03-04T13:00:20.415589+00:00,TOP2_PROP,0.0,0.0,-100.0,,
2026-03-08T14:20:31.761770+00:00,2026-03-06,Chicago,KORD,72+,BUY_YES,0.07,5.0,0.0,,,{},66,LOSS,-5.0,,2026-03-04T13:00:20.419829+00:00,TOP2_PROP,0.0,0.0,-100.0,,
2026-03-08T14:20:31.762130+00:00,2026-03-05,Miami,KMIA,80-81,BUY_YES,0.365,5.0,0.0,,,{},84,LOSS,-5.0,,2026-03-04T13:00:20.423311+00:00,TOP2_PROP,0.0,0.0,-100.0,,
2026-03-08T14:20:31.762456+00:00,2026-03-05,Seattle,KSEA,50-51,BUY_YES,0.365,5.0,0.0,,,{},51,WIN,8.6986,,2026-03-04T13:00:20.425943+00:00,TOP2_PROP,0.0,0.0,173.97,,
2026-03-08T14:20:31.762782+00:00,2026-03-06,Dallas,KDFW,76-77,BUY_YES,0.14,5.0,0.0,,,{},82,LOSS,-5.0,,2026-03-04T13:00:20.428533+00:00,TOP2_PROP,0.0,0.0,-100.0,,
2026-03-08T14:20:31.763098+00:00,2026-03-06,Atlanta,KATL,76-77,BUY_YES,0.11000000000000001,5.0,0.0,,,{},83,LOSS,-5.0,,2026-03-04T13:00:20.431217+00:00,TOP2_PROP,0.0,0.0,-100.0,,
2026-03-08T14:20:31.763806+00:00,2026-03-06,Wellington,NZWN,22+,BUY_YES,0.095,5.0,0.0,,,{},21,LOSS,-5.0,,2026-03-04T13:00:20.433776+00:00,TOP2_PROP,0.0,0.0,-100.0,,
2026-03-08T14:20:31.764160+00:00,2026-03-06,Seoul,RKSI,7+,BUY_YES,0.14500000000000002,5.0,0.0,,,{},5,LOSS,-5.0,,2026-03-04T13:20:38.673359+00:00,TOP2_PROP,0.0,0.0,-100.0,,
2026-03-08T14:20:31.764500+00:00,2026-03-06,Chicago,KORD,70-71,BUY_YES,0.135,5.000000000000001,0.0,,,{},66,LOSS,-5.0,,2026-03-04T13:30:26.053798+00:00,TOP2_PROP,0.0,0.0,-100.0,,
2026-03-08T14:20:31.764841+00:00,2026-03-06,Miami,KMIA,78-79,BUY_YES,0.07,5.0,0.0,,,{},84,LOSS,-5.0,,2026-03-04T18:30:21.580935+00:00,TOP2_PROP,0.0,0.0,-100.0,,
2026-03-08T14:20:31.765190+00:00,2026-03-06,Seattle,KSEA,48-49,BUY_YES,0.10500000000000001,5.0,0.0,,,{},50,LOSS,-5.0,,2026-03-04T18:30:21.583567+00:00,TOP2_PROP,0.0,0.0,-100.0,,
2026-03-08T14:20:31.765579+00:00,2026-03-06,Paris,LFPG,21+,BUY_YES,0.14500000000000002,5.0,0.0,,,{},17,LOSS,-5.0,,2026-03-04T18:30:21.586548+00:00,TOP2_PROP,0.0,0.0,-100.0,,
2026-03-08T14:20:31.765930+00:00,2026-03-06,Ankara,LTAC,12+,BUY_YES,0.14500000000000002,5.0,0.0,,,{},9,LOSS,-5.0,,2026-03-04T18:30:21.589075+00:00,TOP2_PROP,0.0,0.0,-100.0,,
2026-03-08T14:20:31.766346+00:00,2026-03-05,Seattle,KSEA,52-53,BUY_YES,0.22000000000000003,5.0,0.0,,,{},51,LOSS,-5.0,,2026-03-04T23:00:21.874756+00:00,TOP2_PROP,0.0,0.0,-100.0,,
2026-03-08T14:20:31.766751+00:00,2026-03-05,NYC,KLGA,46-47,BUY_YES,0.1915,5.0,0.0,,,{},45,LOSS,-5.0,,2026-03-05T06:10:22.643386+00:00,TOP2_PROP,0.0,0.0,-100.0,,
2026-03-08T14:20:31.767059+00:00,2026-03-06,NYC,KLGA,40-41,BUY_YES,0.29000000000000004,5.0,0.0,,,{},41,WIN,12.2414,,2026-03-05T06:10:22.647742+00:00,TOP2_PROP,0.0,0.0,244.83,,
2026-03-08T14:20:31.767367+00:00,2026-03-06,Chicago,KORD,68-69,BUY_YES,0.2,5.0,0.0,,,{},66,LOSS,-5.0,,2026-03-05T06:10:22.651174+00:00,TOP2_PROP,0.0,0.0,-100.0,,
2026-03-08T14:20:31.767678+00:00,2026-03-06,Miami,KMIA,80-81,BUY_YES,0.32499999999999996,5.0,0.0,,,{},84,LOSS,-5.0,,2026-03-05T06:10:22.654289+00:00,TOP2_PROP,0.0,0.0,-100.0,,
2026-03-08T14:20:31.767999+00:00,2026-03-06,Seattle,KSEA,50-51,BUY_YES,0.345,5.0,0.0,,,{},50,WIN,9.4928,,2026-03-05T06:10:22.657374+00:00,TOP2_PROP,0.0,0.0,189.86,,
2026-03-08T14:20:31.768319+00:00,2026-03-06,Dallas,KDFW,78-79,BUY_YES,0.24000000000000005,5.0,0.0,,,{},82,LOSS,-5.0,,2026-03-05T06:10:22.660364+00:00,TOP2_PROP,0.0,0.0,-100.0,,
2026-03-08T14:20:31.768626+00:00,2026-03-06,Toronto,CYYZ,5+,BUY_YES,0.18,5.0,0.0,,,{},2,LOSS,-5.0,,2026-03-05T06:10:22.663881+00:00,TOP2_PROP,0.0,0.0,-100.0,,
2026-03-08T14:20:31.768930+00:00,2026-03-06,Buenos Aires,SAEZ,25+,BUY_YES,0.38,5.0,0.0,,,{},26,WIN,8.1579,,2026-03-05T10:02:12.533550+00:00,TOP2_PROP,0.0,0.0,163.16,,
2026-03-08T14:20:31.769247+00:00,2026-03-06,NYC,KLGA,42-43,BUY_YES,0.185,5.0,0.0,,,{},41,LOSS,-5.0,,2026-03-05T13:36:28.239987+00:00,TOP2_PROP,0.0,0.0,-100.0,,
2026-03-08T14:20:31.769560+00:00,2026-03-06,NYC,KLGA,44-45,BUY_YES,0.125,5.0,0.0,,,{},41,LOSS,-5.0,,2026-03-05T13:36:28.246479+00:00,TOP2_PROP,0.0,0.0,-100.0,,
2026-03-08T14:20:31.769870+00:00,2026-03-06,Chicago,KORD,64-65,BUY_YES,0.155,5.0,0.0,,,{},66,LOSS,-5.0,,2026-03-05T14:59:00.721119+00:00,TOP2_PROP,0.0,0.0,-100.0,,
2026-03-08T14:20:31.770176+00:00,2026-03-06,Miami,KMIA,84-85,BUY_YES,0.135,5.000000000000001,0.0,,,{},84,WIN,32.037,,2026-03-05T14:59:00.724723+00:00,TOP2_PROP,0.0,0.0,640.74,,
2026-03-08T14:20:31.770487+00:00,2026-03-06,Seattle,KSEA,52-53,BUY_YES,0.22999999999999998,5.0,0.0,,,{},50,LOSS,-5.0,,2026-03-05T14:59:00.727930+00:00,TOP2_PROP,0.0,0.0,-100.0,,
2026-03-08T14:20:31.770793+00:00,2026-03-06,Seattle,KSEA,54+,BUY_YES,0.08,5.0,0.0,,,{},50,LOSS,-5.0,,2026-03-05T14:59:00.731169+00:00,TOP2_PROP,0.0,0.0,-100.0,,
2026-03-08T14:20:31.771096+00:00,2026-03-06,Atlanta,KATL,74-75,BUY_YES,0.05,5.0,0.0,,,{},83,LOSS,-5.0,,2026-03-05T14:59:00.734552+00:00,TOP2_PROP,0.0,0.0,-100.0,,
2026-03-08T14:20:31.771401+00:00,2026-03-07,NYC,KLGA,44-45,BUY_YES,0.1,5.0,0.0,,,{},49,LOSS,-5.0,,2026-03-05T22:26:55.959894+00:00,TOP2_PROP,0.0,0.0,-100.0,,
2026-03-08T14:20:31.771755+00:00,2026-03-07,Chicago,KORD,58-59,BUY_YES,0.08499999999999999,5.0,0.0,,,{},65,LOSS,-5.0,,2026-03-05T22:26:55.969039+00:00,TOP2_PROP,0.0,0.0,-100.0,,
2026-03-08T14:20:31.772071+00:00,2026-03-07,Miami,KMIA,80-81,BUY_YES,0.385,5.0,0.0,,,{},83,LOSS,-5.0,,2026-03-06T08:34:53.797861+00:00,TOP2_PROP,0.0,0.0,-100.0,,
2026-03-08T14:20:31.772389+00:00,2026-03-06,Atlanta,KATL,78-79,BUY_YES,0.11499999999999999,5.0,0.0,,,{},83,LOSS,-5.0,,2026-03-06T08:34:53.803191+00:00,TOP2_PROP,0.0,0.0,-100.0,,
2026-03-08T14:20:31.772692+00:00,2026-03-07,NYC,KLGA,46-47,BUY_YES,0.2,5.0,0.0,,,{},49,LOSS,-5.0,,2026-03-06T19:18:20.508334+00:00,TOP2_PROP,0.0,0.0,-100.0,,
2026-03-08T14:20:31.773004+00:00,2026-03-07,Miami,KMIA,78-79,BUY_YES,0.065,5.0,0.0,,,{},83,LOSS,-5.0,,2026-03-06T19:18:20.516966+00:00,TOP2_PROP,0.0,0.0,-100.0,,
2026-03-08T14:20:31.773310+00:00,2026-03-07,Seattle,KSEA,50-51,BUY_YES,0.07500000000000001,5.0,0.0,,,{},54,LOSS,-5.0,,2026-03-06T19:18:20.521100+00:00,TOP2_PROP,0.0,0.0,-100.0,,
2026-03-08T14:20:31.773639+00:00,2026-03-07,Seattle,KSEA,52-53,BUY_YES,0.41000000000000003,5.0,0.0,,,{},54,LOSS,-5.0,,2026-03-06T19:18:20.525080+00:00,TOP2_PROP,0.0,0.0,-100.0,,
2026-03-08T14:20:31.773950+00:00,2026-03-07,Atlanta,KATL,76-77,BUY_YES,0.07500000000000001,5.0,0.0,,,{},83,LOSS,-5.0,,2026-03-06T19:18:20.529039+00:00,TOP2_PROP,0.0,0.0,-100.0,,
2026-03-08T14:20:31.774274+00:00,2026-03-07,Atlanta,KATL,78-79,BUY_YES,0.16,5.0,0.0,,,{},83,LOSS,-5.0,,2026-03-06T19:18:20.533334+00:00,TOP2_PROP,0.0,0.0,-100.0,,
2026-03-08T14:20:31.774793+00:00,2026-03-07,Ankara,LTAC,9+,BUY_YES,0.05500000000000001,5.0,0.0,,,{},7,LOSS,-5.0,,2026-03-06T19:18:20.542037+00:00,TOP2_PROP,0.0,0.0,-100.0,,
2026-03-08T14:20:31.775239+00:00,2026-03-07,Wellington,NZWN,23+,BUY_YES,0.0505,5.0,0.0,,,{},21,LOSS,-5.0,,2026-03-06T21:02:44.281588+00:00,TOP2_PROP,0.0,0.0,-100.0,,
