event_id,title,city,city_slug,icao,lat,lon,unit,timezone,target_date,resolved_temp,bucket_label
223347,Highest temperature in NYC on February 24?,NYC,nyc,KLGA,40.7743,-73.8726,F,America/New_York,2026-02-24,32.0,32-33
221044,Highest temperature in NYC on February 23?,NYC,nyc,KLGA,40.7743,-73.8726,F,America/New_York,2026-02-23,36.0,36+
218778,Highest temperature in NYC on February 22?,NYC,nyc,KLGA,40.7743,-73.8726,F,America/New_York,2026-02-22,34.0,34-35
216598,Highest temperature in NYC on February 21?,NYC,nyc,KLGA,40.7743,-73.8726,F,America/New_York,2026-02-21,46.0,46-47
213978,Highest temperature in NYC on February 20?,NYC,nyc,KLGA,40.7743,-73.8726,F,America/New_York,2026-02-20,38.0,38-39
212719,Highest temperature in NYC on February 19?,NYC,nyc,KLGA,40.7743,-73.8726,F,America/New_York,2026-02-19,36.0,36-37
211537,Highest temperature in NYC on February 18?,NYC,nyc,KLGA,40.7743,-73.8726,F,America/New_York,2026-02-18,38.0,38-39
210113,Highest temperature in NYC on February 17?,NYC,nyc,KLGA,40.7743,-73.8726,F,America/New_York,2026-02-17,46.0,46-47
208837,Highest temperature in NYC on February 16?,NYC,nyc,KLGA,40.7743,-73.8726,F,America/New_York,2026-02-16,38.0,38-39
207452,Highest temperature in NYC on February 15?,NYC,nyc,KLGA,40.7743,-73.8726,F,America/New_York,2026-02-15,38.0,38-39
206163,Highest temperature in NYC on February 14?,NYC,nyc,KLGA,40.7743,-73.8726,F,America/New_York,2026-02-14,44.0,44-45
204920,Highest temperature in NYC on February 13?,NYC,nyc,KLGA,40.7743,-73.8726,F,America/New_York,2026-02-13,38.0,38-39
204119,Highest temperature in NYC on February 12?,NYC,nyc,KLGA,40.7743,-73.8726,F,America/New_York,2026-02-12,36.0,36-37
203238,Highest temperature in NYC on February 11?,NYC,nyc,KLGA,40.7743,-73.8726,F,America/New_York,2026-02-11,40.0,40-41
202126,Highest temperature in NYC on February 10?,NYC,nyc,KLGA,40.7743,-73.8726,F,America/New_York,2026-02-10,36.0,36+
201204,Highest temperature in NYC on February 9?,NYC,nyc,KLGA,40.7743,-73.8726,F,America/New_York,2026-02-09,30.0,30-31
200117,Highest temperature in NYC on February 8?,NYC,nyc,KLGA,40.7743,-73.8726,F,America/New_York,2026-02-08,18.0,18-19
199155,Highest temperature in NYC on February 7?,NYC,nyc,KLGA,40.7743,-73.8726,F,America/New_York,2026-02-07,26.0,26+
198278,Highest temperature in NYC on February 6?,NYC,nyc,KLGA,40.7743,-73.8726,F,America/New_York,2026-02-06,32.0,32-33
197395,Highest temperature in NYC on February 5?,NYC,nyc,KLGA,40.7743,-73.8726,F,America/New_York,2026-02-05,32.0,32-33
196500,Highest temperature in NYC on February 4?,NYC,nyc,KLGA,40.7743,-73.8726,F,America/New_York,2026-02-04,32.0,32-33
195331,Highest temperature in NYC on February 3?,NYC,nyc,KLGA,40.7743,-73.8726,F,America/New_York,2026-02-03,32.0,32-33
194824,Highest temperature in NYC on February 1?,NYC,nyc,KLGA,40.7743,-73.8726,F,America/New_York,2026-02-01,24.0,24-25
194825,Highest temperature in NYC on February 2?,NYC,nyc,KLGA,40.7743,-73.8726,F,America/New_York,2026-02-02,35.0,35-36
192377,Highest temperature in NYC on January 31?,NYC,nyc,KLGA,40.7743,-73.8726,F,America/New_York,2026-01-31,24.0,24-25
191138,Highest temperature in NYC on January 30?,NYC,nyc,KLGA,40.7743,-73.8726,F,America/New_York,2026-01-30,18.0,18-19
190211,Highest temperature in NYC on January 29?,NYC,nyc,KLGA,40.7743,-73.8726,F,America/New_York,2026-01-29,24.0,24-25
189261,Highest temperature in NYC on January 28?,NYC,nyc,KLGA,40.7743,-73.8726,F,America/New_York,2026-01-28,24.0,24-25
187528,Highest temperature in NYC on January 27?,NYC,nyc,KLGA,40.7743,-73.8726,F,America/New_York,2026-01-27,22.0,22-23
185377,Highest temperature in NYC on January 26?,NYC,nyc,KLGA,40.7743,-73.8726,F,America/New_York,2026-01-26,26.0,26-27
182917,Highest temperature in NYC on January 25?,NYC,nyc,KLGA,40.7743,-73.8726,F,America/New_York,2026-01-25,22.0,22+
180830,Highest temperature in NYC on January 24?,NYC,nyc,KLGA,40.7743,-73.8726,F,America/New_York,2026-01-24,18.0,18-19
178714,Highest temperature in NYC on January 23?,NYC,nyc,KLGA,40.7743,-73.8726,F,America/New_York,2026-01-23,36.0,36+
176524,Highest temperature in NYC on January 22?,NYC,nyc,KLGA,40.7743,-73.8726,F,America/New_York,2026-01-22,46.0,46+
174262,Highest temperature in NYC on January 21?,NYC,nyc,KLGA,40.7743,-73.8726,F,America/New_York,2026-01-21,36.0,36+
172006,Highest temperature in NYC on January 20?,NYC,nyc,KLGA,40.7743,-73.8726,F,America/New_York,2026-01-20,24.0,24-25
169982,Highest temperature in NYC on January 19?,NYC,nyc,KLGA,40.7743,-73.8726,F,America/New_York,2026-01-19,32.0,32-33
167795,Highest temperature in NYC on January 18?,NYC,nyc,KLGA,40.7743,-73.8726,F,America/New_York,2026-01-18,34.0,34-35
165631,Highest temperature in NYC on January 17?,NYC,nyc,KLGA,40.7743,-73.8726,F,America/New_York,2026-01-17,40.0,40-41
163564,Highest temperature in NYC on January 16?,NYC,nyc,KLGA,40.7743,-73.8726,F,America/New_York,2026-01-16,34.0,34-35
161321,Highest temperature in NYC on January 15?,NYC,nyc,KLGA,40.7743,-73.8726,F,America/New_York,2026-01-15,46.0,46+
159450,Highest temperature in NYC on January 14?,NYC,nyc,KLGA,40.7743,-73.8726,F,America/New_York,2026-01-14,50.0,50-51
157101,Highest temperature in NYC on January 13?,NYC,nyc,KLGA,40.7743,-73.8726,F,America/New_York,2026-01-13,46.0,46-47
155114,Highest temperature in NYC on January 12?,NYC,nyc,KLGA,40.7743,-73.8726,F,America/New_York,2026-01-12,40.0,40-41
152971,Highest temperature in NYC on January 11?,NYC,nyc,KLGA,40.7743,-73.8726,F,America/New_York,2026-01-11,46.0,46-47
150874,Highest temperature in NYC on January 10?,NYC,nyc,KLGA,40.7743,-73.8726,F,America/New_York,2026-01-10,52.0,52-53
148960,Highest temperature in NYC on January 9?,NYC,nyc,KLGA,40.7743,-73.8726,F,America/New_York,2026-01-09,48.0,48+
146737,Highest temperature in NYC on January 8?,NYC,nyc,KLGA,40.7743,-73.8726,F,America/New_York,2026-01-08,48.0,48-49
144847,Highest temperature in NYC on January 7?,NYC,nyc,KLGA,40.7743,-73.8726,F,America/New_York,2026-01-07,48.0,48-49
142599,Highest temperature in NYC on January 6?,NYC,nyc,KLGA,40.7743,-73.8726,F,America/New_York,2026-01-06,38.0,38-39
140604,Highest temperature in NYC on January 5?,NYC,nyc,KLGA,40.7743,-73.8726,F,America/New_York,2026-01-05,34.0,34+
138475,Highest temperature in NYC on January 4?,NYC,nyc,KLGA,40.7743,-73.8726,F,America/New_York,2026-01-04,34.0,34-35
136607,Highest temperature in NYC on January 3?,NYC,nyc,KLGA,40.7743,-73.8726,F,America/New_York,2026-01-03,30.0,30-31
134725,Highest temperature in NYC on January 2?,NYC,nyc,KLGA,40.7743,-73.8726,F,America/New_York,2026-01-02,30.0,30-31
132830,Highest temperature in NYC on January 1?,NYC,nyc,KLGA,40.7743,-73.8726,F,America/New_York,2026-01-01,34.0,34+
130719,Highest temperature in NYC on December 31?,NYC,nyc,KLGA,40.7743,-73.8726,F,America/New_York,2025-12-31,32.0,32-33
128661,Highest temperature in NYC on December 30?,NYC,nyc,KLGA,40.7743,-73.8726,F,America/New_York,2025-12-30,32.0,32-33
126707,Highest temperature in NYC on December 29?,NYC,nyc,KLGA,40.7743,-73.8726,F,America/New_York,2025-12-29,48.0,48+
124726,Highest temperature in NYC on December 28?,NYC,nyc,KLGA,40.7743,-73.8726,F,America/New_York,2025-12-28,36.0,36-37
122885,Highest temperature in NYC on December 27?,NYC,nyc,KLGA,40.7743,-73.8726,F,America/New_York,2025-12-27,30.0,30-31
120991,Highest temperature in NYC on December 26?,NYC,nyc,KLGA,40.7743,-73.8726,F,America/New_York,2025-12-26,28.0,28-29
118968,Highest temperature in NYC on December 25?,NYC,nyc,KLGA,40.7743,-73.8726,F,America/New_York,2025-12-25,44.0,44+
117024,Highest temperature in NYC on December 24?,NYC,nyc,KLGA,40.7743,-73.8726,F,America/New_York,2025-12-24,44.0,44-45
115148,Highest temperature in NYC on December 23?,NYC,nyc,KLGA,40.7743,-73.8726,F,America/New_York,2025-12-23,40.0,40-41
113263,Highest temperature in NYC on December 22?,NYC,nyc,KLGA,40.7743,-73.8726,F,America/New_York,2025-12-22,38.0,38-39
111422,Highest temperature in NYC on December 21?,NYC,nyc,KLGA,40.7743,-73.8726,F,America/New_York,2025-12-21,44.0,44-45
109540,Highest temperature in NYC on December 20?,NYC,nyc,KLGA,40.7743,-73.8726,F,America/New_York,2025-12-20,38.0,38+
107335,Highest temperature in NYC on December 19?,NYC,nyc,KLGA,40.7743,-73.8726,F,America/New_York,2025-12-19,58.0,58-59
106530,Highest temperature in NYC on December 18?,NYC,nyc,KLGA,40.7743,-73.8726,F,America/New_York,2025-12-18,50.0,50+
106070,Highest temperature in NYC on December 17?,NYC,nyc,KLGA,40.7743,-73.8726,F,America/New_York,2025-12-17,48.0,48+
105889,Highest temperature in NYC on December 16?,NYC,nyc,KLGA,40.7743,-73.8726,F,America/New_York,2025-12-16,33.0,33-
105063,Highest temperature in NYC on December 15?,NYC,nyc,KLGA,40.7743,-73.8726,F,America/New_York,2025-12-15,28.0,28-29
104238,Highest temperature in NYC on December 14?,NYC,nyc,KLGA,40.7743,-73.8726,F,America/New_York,2025-12-14,34.0,34-35
102352,Highest temperature in NYC on December 13?,NYC,nyc,KLGA,40.7743,-73.8726,F,America/New_York,2025-12-13,40.0,40-41
101609,Highest temperature in NYC on December 12?,NYC,nyc,KLGA,40.7743,-73.8726,F,America/New_York,2025-12-12,35.0,35-36
101029,Highest temperature in NYC on December 11?,NYC,nyc,KLGA,40.7743,-73.8726,F,America/New_York,2025-12-11,40.0,40-41
99870,Highest temperature in NYC on December 10?,NYC,nyc,KLGA,40.7743,-73.8726,F,America/New_York,2025-12-10,46.0,46-47
98011,Highest temperature in NYC on December 7?,NYC,nyc,KLGA,40.7743,-73.8726,F,America/New_York,2025-12-07,42.0,42-43
98020,Highest temperature in NYC on December 9?,NYC,nyc,KLGA,40.7743,-73.8726,F,America/New_York,2025-12-09,35.0,35-36
98017,Highest temperature in NYC on December 8?,NYC,nyc,KLGA,40.7743,-73.8726,F,America/New_York,2025-12-08,37.0,37+
97218,Highest temperature in NYC on December 6?,NYC,nyc,KLGA,40.7743,-73.8726,F,America/New_York,2025-12-06,42.0,42-43
96521,Highest temperature in NYC on December 5?,NYC,nyc,KLGA,40.7743,-73.8726,F,America/New_York,2025-12-05,31.0,31-32
95997,Highest temperature in NYC on December 4?,NYC,nyc,KLGA,40.7743,-73.8726,F,America/New_York,2025-12-04,43.0,43-44
94806,Highest temperature in NYC on December 3?,NYC,nyc,KLGA,40.7743,-73.8726,F,America/New_York,2025-12-03,41.0,41-42
92471,Highest temperature in NYC on December 2?,NYC,nyc,KLGA,40.7743,-73.8726,F,America/New_York,2025-12-02,41.0,41-42
92469,Highest temperature in NYC on December 1?,NYC,nyc,KLGA,40.7743,-73.8726,F,America/New_York,2025-12-01,43.0,43-44
92466,Highest temperature in NYC on November 30?,NYC,nyc,KLGA,40.7743,-73.8726,F,America/New_York,2025-11-30,47.0,47-48
91863,Highest temperature in NYC on November 29?,NYC,nyc,KLGA,40.7743,-73.8726,F,America/New_York,2025-11-29,43.0,43-44
91083,Highest temperature in NYC on November 28?,NYC,nyc,KLGA,40.7743,-73.8726,F,America/New_York,2025-11-28,43.0,43-44
89952,Highest temperature in NYC on November 27?,NYC,nyc,KLGA,40.7743,-73.8726,F,America/New_York,2025-11-27,47.0,47-48
89169,Highest temperature in NYC on November 26?,NYC,nyc,KLGA,40.7743,-73.8726,F,America/New_York,2025-11-26,59.0,59-60
86945,Highest temperature in NYC on November 25?,NYC,nyc,KLGA,40.7743,-73.8726,F,America/New_York,2025-11-25,56.0,56-57
86943,Highest temperature in NYC on November 24?,NYC,nyc,KLGA,40.7743,-73.8726,F,America/New_York,2025-11-24,51.0,51-52
86940,Highest temperature in NYC on November 23?,NYC,nyc,KLGA,40.7743,-73.8726,F,America/New_York,2025-11-23,49.0,49-50
86308,Highest temperature in NYC on November 22?,NYC,nyc,KLGA,40.7743,-73.8726,F,America/New_York,2025-11-22,51.0,51-52
85451,Highest temperature in NYC on November 21?,NYC,nyc,KLGA,40.7743,-73.8726,F,America/New_York,2025-11-21,51.0,51-52
84556,Highest temperature in NYC on November 20?,NYC,nyc,KLGA,40.7743,-73.8726,F,America/New_York,2025-11-20,47.0,47-48
83673,Highest temperature in NYC on November 19?,NYC,nyc,KLGA,40.7743,-73.8726,F,America/New_York,2025-11-19,47.0,47-48
81519,Highest temperature in NYC on November 17?,NYC,nyc,KLGA,40.7743,-73.8726,F,America/New_York,2025-11-17,44.0,44-45
81517,Highest temperature in NYC on November 16?,NYC,nyc,KLGA,40.7743,-73.8726,F,America/New_York,2025-11-16,55.0,55-56
81520,Highest temperature in NYC on November 18?,NYC,nyc,KLGA,40.7743,-73.8726,F,America/New_York,2025-11-18,46.0,46-47
80674,Highest temperature in NYC on November 15?,NYC,nyc,KLGA,40.7743,-73.8726,F,America/New_York,2025-11-15,50.0,50-51
79798,Highest temperature in NYC on November 14?,NYC,nyc,KLGA,40.7743,-73.8726,F,America/New_York,2025-11-14,51.0,51-52
78949,Highest temperature in NYC on November 13?,NYC,nyc,KLGA,40.7743,-73.8726,F,America/New_York,2025-11-13,51.0,51-52
77682,Highest temperature in NYC on November 12?,NYC,nyc,KLGA,40.7743,-73.8726,F,America/New_York,2025-11-12,49.0,49-50
75473,Highest temperature in NYC on November 11?,NYC,nyc,KLGA,40.7743,-73.8726,F,America/New_York,2025-11-11,42.0,42-43
75471,Highest temperature in NYC on November 10?,NYC,nyc,KLGA,40.7743,-73.8726,F,America/New_York,2025-11-10,57.0,57+
75469,Highest temperature in NYC on November 9?,NYC,nyc,KLGA,40.7743,-73.8726,F,America/New_York,2025-11-09,64.0,64-65
74644,Highest temperature in NYC on November 8?,NYC,nyc,KLGA,40.7743,-73.8726,F,America/New_York,2025-11-08,65.0,65-66
73847,Highest temperature in NYC on November 7?,NYC,nyc,KLGA,40.7743,-73.8726,F,America/New_York,2025-11-07,59.0,59-60
72863,Highest temperature in NYC on November 6?,NYC,nyc,KLGA,40.7743,-73.8726,F,America/New_York,2025-11-06,54.0,54-55
71589,Highest temperature in NYC on November 5?,NYC,nyc,KLGA,40.7743,-73.8726,F,America/New_York,2025-11-05,66.0,66-67
69741,Highest temperature in NYC on November 3?,NYC,nyc,KLGA,40.7743,-73.8726,F,America/New_York,2025-11-03,58.0,58-59
69744,Highest temperature in NYC on November 4?,NYC,nyc,KLGA,40.7743,-73.8726,F,America/New_York,2025-11-04,59.0,59-60
69736,Highest temperature in NYC on November 2?,NYC,nyc,KLGA,40.7743,-73.8726,F,America/New_York,2025-11-02,60.0,60-61
68994,Highest temperature in NYC on November 1?,NYC,nyc,KLGA,40.7743,-73.8726,F,America/New_York,2025-11-01,58.0,58-59
67742,Highest temperature in NYC on October 31?,NYC,nyc,KLGA,40.7743,-73.8726,F,America/New_York,2025-10-31,59.0,59-60
67061,Highest temperature in NYC on October 30?,NYC,nyc,KLGA,40.7743,-73.8726,F,America/New_York,2025-10-30,65.0,65+
66358,Highest temperature in NYC on October 29?,NYC,nyc,KLGA,40.7743,-73.8726,F,America/New_York,2025-10-29,54.0,54-55
64593,Highest temperature in NYC on October 26?,NYC,nyc,KLGA,40.7743,-73.8726,F,America/New_York,2025-10-26,57.0,57+
64597,Highest temperature in NYC on October 28?,NYC,nyc,KLGA,40.7743,-73.8726,F,America/New_York,2025-10-28,55.0,55-56
64595,Highest temperature in NYC on October 27?,NYC,nyc,KLGA,40.7743,-73.8726,F,America/New_York,2025-10-27,55.0,55-56
64052,Highest temperature in NYC on October 25?,NYC,nyc,KLGA,40.7743,-73.8726,F,America/New_York,2025-10-25,59.0,59-60
63554,Highest temperature in NYC on October 24?,NYC,nyc,KLGA,40.7743,-73.8726,F,America/New_York,2025-10-24,59.0,59-60
62996,Highest temperature in NYC on October 23?,NYC,nyc,KLGA,40.7743,-73.8726,F,America/New_York,2025-10-23,60.0,60-61
62160,Highest temperature in NYC on October 22?,NYC,nyc,KLGA,40.7743,-73.8726,F,America/New_York,2025-10-22,63.0,63-64
60946,Highest temperature in NYC on October 20?,NYC,nyc,KLGA,40.7743,-73.8726,F,America/New_York,2025-10-20,67.0,67-68
60947,Highest temperature in NYC on October 21?,NYC,nyc,KLGA,40.7743,-73.8726,F,America/New_York,2025-10-21,67.0,67-68
60944,Highest temperature in NYC on October 19?,NYC,nyc,KLGA,40.7743,-73.8726,F,America/New_York,2025-10-19,69.0,69-70
60494,Highest temperature in NYC on October 18?,NYC,nyc,KLGA,40.7743,-73.8726,F,America/New_York,2025-10-18,66.0,66-67
59981,Highest temperature in NYC on October 17?,NYC,nyc,KLGA,40.7743,-73.8726,F,America/New_York,2025-10-17,64.0,64-65
59746,Highest temperature in NYC on October 16?,NYC,nyc,KLGA,40.7743,-73.8726,F,America/New_York,2025-10-16,61.0,61-62
58873,Highest temperature in NYC on October 15?,NYC,nyc,KLGA,40.7743,-73.8726,F,America/New_York,2025-10-15,68.0,68-69
57358,Highest temperature in NYC on October 14?,NYC,nyc,KLGA,40.7743,-73.8726,F,America/New_York,2025-10-14,60.0,60-61
57357,Highest temperature in NYC on October 13?,NYC,nyc,KLGA,40.7743,-73.8726,F,America/New_York,2025-10-13,59.0,59-60
57355,Highest temperature in NYC on October 12?,NYC,nyc,KLGA,40.7743,-73.8726,F,America/New_York,2025-10-12,62.0,62-63
56900,Highest temperature in NYC on October 11?,NYC,nyc,KLGA,40.7743,-73.8726,F,America/New_York,2025-10-11,65.0,65-66
56497,Highest temperature in NYC on October 10?,NYC,nyc,KLGA,40.7743,-73.8726,F,America/New_York,2025-10-10,62.0,62-63
55596,Highest temperature in NYC on October 9?,NYC,nyc,KLGA,40.7743,-73.8726,F,America/New_York,2025-10-09,58.0,58-59
54929,Highest temperature in NYC on October 8?,NYC,nyc,KLGA,40.7743,-73.8726,F,America/New_York,2025-10-08,71.0,71-72
53545,Highest temperature in NYC on October 7?,NYC,nyc,KLGA,40.7743,-73.8726,F,America/New_York,2025-10-07,77.0,77-78
53541,Highest temperature in NYC on October 5?,NYC,nyc,KLGA,40.7743,-73.8726,F,America/New_York,2025-10-05,83.0,83-84
53542,Highest temperature in NYC on October 6?,NYC,nyc,KLGA,40.7743,-73.8726,F,America/New_York,2025-10-06,80.0,80-81
53004,Highest temperature in NYC on October 4?,NYC,nyc,KLGA,40.7743,-73.8726,F,America/New_York,2025-10-04,82.0,82-83
52578,Highest temperature in NYC on October 3?,NYC,nyc,KLGA,40.7743,-73.8726,F,America/New_York,2025-10-03,71.0,71-72
52002,Highest temperature in NYC on October 2?,NYC,nyc,KLGA,40.7743,-73.8726,F,America/New_York,2025-10-02,65.0,65-66
51431,Highest temperature in NYC on October 1?,NYC,nyc,KLGA,40.7743,-73.8726,F,America/New_York,2025-10-01,68.0,68-69
50152,Highest temperature in NYC on September 29?,NYC,nyc,KLGA,40.7743,-73.8726,F,America/New_York,2025-09-29,74.0,74-
50148,Highest temperature in NYC on September 30?,NYC,nyc,KLGA,40.7743,-73.8726,F,America/New_York,2025-09-30,79.0,79-80
50144,Highest temperature in NYC on September 28?,NYC,nyc,KLGA,40.7743,-73.8726,F,America/New_York,2025-09-28,82.0,82+
49742,Highest temperature in NYC on September 27?,NYC,nyc,KLGA,40.7743,-73.8726,F,America/New_York,2025-09-27,77.0,77-78
49260,Highest temperature in NYC on September 26?,NYC,nyc,KLGA,40.7743,-73.8726,F,America/New_York,2025-09-26,83.0,83-84
48783,Highest temperature in NYC on September 25?,NYC,nyc,KLGA,40.7743,-73.8726,F,America/New_York,2025-09-25,78.0,78-79
48052,Highest temperature in NYC on September 24?,NYC,nyc,KLGA,40.7743,-73.8726,F,America/New_York,2025-09-24,75.0,75-76
46737,Highest temperature in NYC on September 23?,NYC,nyc,KLGA,40.7743,-73.8726,F,America/New_York,2025-09-23,82.0,82-83
46733,Highest temperature in NYC on September 22?,NYC,nyc,KLGA,40.7743,-73.8726,F,America/New_York,2025-09-22,71.0,71-72
46731,Highest temperature in NYC on September 21?,NYC,nyc,KLGA,40.7743,-73.8726,F,America/New_York,2025-09-21,68.0,68-69
46200,Highest temperature in NYC on September 20?,NYC,nyc,KLGA,40.7743,-73.8726,F,America/New_York,2025-09-20,72.0,72-73
45834,Highest temperature in NYC on September 19?,NYC,nyc,KLGA,40.7743,-73.8726,F,America/New_York,2025-09-19,82.0,82-83
45529,Highest temperature in NYC on September 18?,NYC,nyc,KLGA,40.7743,-73.8726,F,America/New_York,2025-09-18,83.0,83+
44915,Highest temperature in NYC on September 17?,NYC,nyc,KLGA,40.7743,-73.8726,F,America/New_York,2025-09-17,72.0,72-73
43839,Highest temperature in NYC on September 15?,NYC,nyc,KLGA,40.7743,-73.8726,F,America/New_York,2025-09-15,79.0,79-80
43836,Highest temperature in NYC on September 14?,NYC,nyc,KLGA,40.7743,-73.8726,F,America/New_York,2025-09-14,81.0,81-82
43841,Highest temperature in NYC on September 16?,NYC,nyc,KLGA,40.7743,-73.8726,F,America/New_York,2025-09-16,74.0,74-75
43326,Highest temperature in NYC on September 13?,NYC,nyc,KLGA,40.7743,-73.8726,F,America/New_York,2025-09-13,76.0,76-77
43008,Highest temperature in NYC on September 12?,NYC,nyc,KLGA,40.7743,-73.8726,F,America/New_York,2025-09-12,77.0,77-78
42697,Highest temperature in NYC on September 11?,NYC,nyc,KLGA,40.7743,-73.8726,F,America/New_York,2025-09-11,78.0,78-79
42576,Highest temperature in NYC on September 10?,NYC,nyc,KLGA,40.7743,-73.8726,F,America/New_York,2025-09-10,73.0,73-74
42228,Highest temperature in NYC on September 8?,NYC,nyc,KLGA,40.7743,-73.8726,F,America/New_York,2025-09-08,72.0,72-73
42230,Highest temperature in NYC on September 9?,NYC,nyc,KLGA,40.7743,-73.8726,F,America/New_York,2025-09-09,72.0,72-73
42226,Highest temperature in NYC on September 7?,NYC,nyc,KLGA,40.7743,-73.8726,F,America/New_York,2025-09-07,69.0,69-70
41805,Highest temperature in NYC on September 6?,NYC,nyc,KLGA,40.7743,-73.8726,F,America/New_York,2025-09-06,84.0,84-85
41636,Highest temperature in NYC on September 5?,NYC,nyc,KLGA,40.7743,-73.8726,F,America/New_York,2025-09-05,82.0,82-83
41111,Highest temperature in NYC on September 4?,NYC,nyc,KLGA,40.7743,-73.8726,F,America/New_York,2025-09-04,77.0,77-78
41107,Highest temperature in NYC on September 3?,NYC,nyc,KLGA,40.7743,-73.8726,F,America/New_York,2025-09-03,77.0,77-78
40663,Highest temperature in NYC on September 2?,NYC,nyc,KLGA,40.7743,-73.8726,F,America/New_York,2025-09-02,76.0,76-77
40661,Highest temperature in NYC on September 1?,NYC,nyc,KLGA,40.7743,-73.8726,F,America/New_York,2025-09-01,76.0,76-77
40659,Highest temperature in NYC on August 31?,NYC,nyc,KLGA,40.7743,-73.8726,F,America/New_York,2025-08-31,76.0,76-77
40258,Highest temperature in NYC on August 30?,NYC,nyc,KLGA,40.7743,-73.8726,F,America/New_York,2025-08-30,76.0,76-77
40038,Highest temperature in NYC on August 29?,NYC,nyc,KLGA,40.7743,-73.8726,F,America/New_York,2025-08-29,77.0,77-78
39798,Highest temperature in NYC on August 28?,NYC,nyc,KLGA,40.7743,-73.8726,F,America/New_York,2025-08-28,76.0,76-77
39599,Highest temperature in NYC on August 27?,NYC,nyc,KLGA,40.7743,-73.8726,F,America/New_York,2025-08-27,74.0,74-75
39255,Highest temperature in NYC on August 25?,NYC,nyc,KLGA,40.7743,-73.8726,F,America/New_York,2025-08-25,85.0,85-86
39253,Highest temperature in NYC on August 24?,NYC,nyc,KLGA,40.7743,-73.8726,F,America/New_York,2025-08-24,80.0,80-81
39257,Highest temperature in NYC on August 26?,NYC,nyc,KLGA,40.7743,-73.8726,F,America/New_York,2025-08-26,79.0,79-80
38875,Highest temperature in NYC on August 23?,NYC,nyc,KLGA,40.7743,-73.8726,F,America/New_York,2025-08-23,81.0,81-82
38694,Highest temperature in NYC on August 22?,NYC,nyc,KLGA,40.7743,-73.8726,F,America/New_York,2025-08-22,84.0,84-85
38506,Highest temperature in NYC on August 21?,NYC,nyc,KLGA,40.7743,-73.8726,F,America/New_York,2025-08-21,72.0,72-73
38180,Highest temperature in NYC on August 20?,NYC,nyc,KLGA,40.7743,-73.8726,F,America/New_York,2025-08-20,70.0,70-
37654,Highest temperature in NYC on August 19?,NYC,nyc,KLGA,40.7743,-73.8726,F,America/New_York,2025-08-19,75.0,75-76
37651,Highest temperature in NYC on August 17?,NYC,nyc,KLGA,40.7743,-73.8726,F,America/New_York,2025-08-17,89.0,89-90
37652,Highest temperature in NYC on August 18?,NYC,nyc,KLGA,40.7743,-73.8726,F,America/New_York,2025-08-18,76.0,76-77
37379,Highest temperature in NYC on August 16?,NYC,nyc,KLGA,40.7743,-73.8726,F,America/New_York,2025-08-16,83.0,83-84
37229,Highest temperature in NYC on August 15?,NYC,nyc,KLGA,40.7743,-73.8726,F,America/New_York,2025-08-15,87.0,87-88
37130,Highest temperature in NYC on August 14?,NYC,nyc,KLGA,40.7743,-73.8726,F,America/New_York,2025-08-14,89.0,89-90
37039,Highest temperature in NYC on August 13?,NYC,nyc,KLGA,40.7743,-73.8726,F,America/New_York,2025-08-13,88.0,88-89
36354,Highest temperature in NYC on August 12?,NYC,nyc,KLGA,40.7743,-73.8726,F,America/New_York,2025-08-12,90.0,90-91
36351,Highest temperature in NYC on August 11?,NYC,nyc,KLGA,40.7743,-73.8726,F,America/New_York,2025-08-11,89.0,89-90
36349,Highest temperature in NYC on August 10?,NYC,nyc,KLGA,40.7743,-73.8726,F,America/New_York,2025-08-10,89.0,89-90
36150,Highest temperature in NYC on August 9?,NYC,nyc,KLGA,40.7743,-73.8726,F,America/New_York,2025-08-09,82.0,82-83
35956,Highest temperature in NYC on August 8?,NYC,nyc,KLGA,40.7743,-73.8726,F,America/New_York,2025-08-08,79.0,79-80
35779,Highest temperature in NYC on August 7?,NYC,nyc,KLGA,40.7743,-73.8726,F,America/New_York,2025-08-07,80.0,80-81
35569,Highest temperature in NYC on August 6?,NYC,nyc,KLGA,40.7743,-73.8726,F,America/New_York,2025-08-06,77.0,77-78
35137,Highest temperature in NYC on August 5?,NYC,nyc,KLGA,40.7743,-73.8726,F,America/New_York,2025-08-05,81.0,81-82
35134,Highest temperature in NYC on August 4?,NYC,nyc,KLGA,40.7743,-73.8726,F,America/New_York,2025-08-04,88.0,88-89
35132,Highest temperature in NYC on August 3?,NYC,nyc,KLGA,40.7743,-73.8726,F,America/New_York,2025-08-03,83.0,83-84
34931,Highest temperature in NYC on August 2?,NYC,nyc,KLGA,40.7743,-73.8726,F,America/New_York,2025-08-02,79.0,79-80
34778,Highest temperature in NYC on August 1?,NYC,nyc,KLGA,40.7743,-73.8726,F,America/New_York,2025-08-01,73.0,73-74
34630,Highest temperature in NYC on July 31?,NYC,nyc,KLGA,40.7743,-73.8726,F,America/New_York,2025-07-31,86.0,86-87
34464,Highest temperature in NYC on July 30?,NYC,nyc,KLGA,40.7743,-73.8726,F,America/New_York,2025-07-30,99.0,99+
34074,Highest temperature in NYC on July 28?,NYC,nyc,KLGA,40.7743,-73.8726,F,America/New_York,2025-07-28,93.0,93-94
34076,Highest temperature in NYC on July 29?,NYC,nyc,KLGA,40.7743,-73.8726,F,America/New_York,2025-07-29,100.0,100+
34072,Highest temperature in NYC on July 27?,NYC,nyc,KLGA,40.7743,-73.8726,F,America/New_York,2025-07-27,86.0,86+
33911,Highest temperature in NYC on July 26?,NYC,nyc,KLGA,40.7743,-73.8726,F,America/New_York,2025-07-26,83.0,83-84
33722,Highest temperature in NYC on July 25?,NYC,nyc,KLGA,40.7743,-73.8726,F,America/New_York,2025-07-25,97.0,97-98
33547,Highest temperature in NYC on July 24?,NYC,nyc,KLGA,40.7743,-73.8726,F,America/New_York,2025-07-24,85.0,85-86
33348,Highest temperature in NYC on July 23?,NYC,nyc,KLGA,40.7743,-73.8726,F,America/New_York,2025-07-23,81.0,81-82
32959,Highest temperature in NYC on July 20?,NYC,nyc,KLGA,40.7743,-73.8726,F,America/New_York,2025-07-20,90.0,90-91
32963,Highest temperature in NYC on July 22?,NYC,nyc,KLGA,40.7743,-73.8726,F,America/New_York,2025-07-22,78.0,78-79
32961,Highest temperature in NYC on July 21?,NYC,nyc,KLGA,40.7743,-73.8726,F,America/New_York,2025-07-21,84.0,84-85
32835,Highest temperature in NYC on July 19?,NYC,nyc,KLGA,40.7743,-73.8726,F,America/New_York,2025-07-19,82.0,82-83
32622,Highest temperature in NYC on July 18?,NYC,nyc,KLGA,40.7743,-73.8726,F,America/New_York,2025-07-18,83.0,83-84
32453,Highest temperature in NYC on July 17?,NYC,nyc,KLGA,40.7743,-73.8726,F,America/New_York,2025-07-17,93.0,93-94
32329,Highest temperature in NYC on July 16?,NYC,nyc,KLGA,40.7743,-73.8726,F,America/New_York,2025-07-16,88.0,88-89
31936,Highest temperature in NYC on July 15?,NYC,nyc,KLGA,40.7743,-73.8726,F,America/New_York,2025-07-15,86.0,86-87
31934,Highest temperature in NYC on July 14?,NYC,nyc,KLGA,40.7743,-73.8726,F,America/New_York,2025-07-14,88.0,88+
31932,Highest temperature in NYC on July 13?,NYC,nyc,KLGA,40.7743,-73.8726,F,America/New_York,2025-07-13,84.0,84-85
31781,Highest temperature in NYC on July 12?,NYC,nyc,KLGA,40.7743,-73.8726,F,America/New_York,2025-07-12,85.0,85-86
31591,Highest temperature in NYC on July 11?,NYC,nyc,KLGA,40.7743,-73.8726,F,America/New_York,2025-07-11,83.0,83-84
31433,Highest temperature in NYC on July 10?,NYC,nyc,KLGA,40.7743,-73.8726,F,America/New_York,2025-07-10,82.0,82-83
31250,Highest temperature in NYC on July 9?,NYC,nyc,KLGA,40.7743,-73.8726,F,America/New_York,2025-07-09,92.0,92+
30870,Highest temperature in NYC on July 8?,NYC,nyc,KLGA,40.7743,-73.8726,F,America/New_York,2025-07-08,92.0,92+
30868,Highest temperature in NYC on July 7?,NYC,nyc,KLGA,40.7743,-73.8726,F,America/New_York,2025-07-07,85.0,85-86
30865,Highest temperature in NYC on July 6?,NYC,nyc,KLGA,40.7743,-73.8726,F,America/New_York,2025-07-06,88.0,88-89
30686,Highest temperature in NYC on July 5?,NYC,nyc,KLGA,40.7743,-73.8726,F,America/New_York,2025-07-05,86.0,86-87
30502,Highest temperature in NYC on July 4?,NYC,nyc,KLGA,40.7743,-73.8726,F,America/New_York,2025-07-04,83.0,83-84
30423,Highest temperature in NYC on July 3?,NYC,nyc,KLGA,40.7743,-73.8726,F,America/New_York,2025-07-03,91.0,91-92
30126,Highest temperature in NYC on July 2?,NYC,nyc,KLGA,40.7743,-73.8726,F,America/New_York,2025-07-02,82.0,82-83
29053,Highest temperature in NYC on July 1?,NYC,nyc,KLGA,40.7743,-73.8726,F,America/New_York,2025-07-01,89.0,89+
29052,Highest temperature in NYC on June 30?,NYC,nyc,KLGA,40.7743,-73.8726,F,America/New_York,2025-06-30,91.0,91-92
29050,Highest temperature in NYC on June 29?,NYC,nyc,KLGA,40.7743,-73.8726,F,America/New_York,2025-06-29,90.0,90+
28858,Highest temperature in NYC on June 28?,NYC,nyc,KLGA,40.7743,-73.8726,F,America/New_York,2025-06-28,85.0,85+
28676,Highest temperature in NYC on June 27?,NYC,nyc,KLGA,40.7743,-73.8726,F,America/New_York,2025-06-27,73.0,73-74
28475,Highest temperature in NYC on June 26?,NYC,nyc,KLGA,40.7743,-73.8726,F,America/New_York,2025-06-26,81.0,81-82
28388,Highest temperature in NYC on June 25?,NYC,nyc,KLGA,40.7743,-73.8726,F,America/New_York,2025-06-25,98.0,98-99
27888,Highest temperature in NYC on June 24?,NYC,nyc,KLGA,40.7743,-73.8726,F,America/New_York,2025-06-24,99.0,99-100
27887,Highest temperature in NYC on June 23?,NYC,nyc,KLGA,40.7743,-73.8726,F,America/New_York,2025-06-23,93.0,93-94
27885,Highest temperature in NYC on June 22?,NYC,nyc,KLGA,40.7743,-73.8726,F,America/New_York,2025-06-22,89.0,89-
27739,Highest temperature in NYC on June 21?,NYC,nyc,KLGA,40.7743,-73.8726,F,America/New_York,2025-06-21,88.0,88-89
27589,Highest temperature in NYC on June 20?,NYC,nyc,KLGA,40.7743,-73.8726,F,America/New_York,2025-06-20,83.0,83-84
27424,Highest temperature in NYC on June 19?,NYC,nyc,KLGA,40.7743,-73.8726,F,America/New_York,2025-06-19,87.0,87-88
27239,Highest temperature in NYC on June 18?,NYC,nyc,KLGA,40.7743,-73.8726,F,America/New_York,2025-06-18,85.0,85-86
26939,Highest temperature in NYC on June 17?,NYC,nyc,KLGA,40.7743,-73.8726,F,America/New_York,2025-06-17,67.0,67-
26937,Highest temperature in NYC on June 16?,NYC,nyc,KLGA,40.7743,-73.8726,F,America/New_York,2025-06-16,68.0,68-69
26934,Highest temperature in NYC on June 15?,NYC,nyc,KLGA,40.7743,-73.8726,F,America/New_York,2025-06-15,64.0,64-65
26779,Highest temperature in NYC on June 14?,NYC,nyc,KLGA,40.7743,-73.8726,F,America/New_York,2025-06-14,66.0,66-67
26691,Highest temperature in NYC on June 13?,NYC,nyc,KLGA,40.7743,-73.8726,F,America/New_York,2025-06-13,76.0,76-77
26531,Highest temperature in NYC on June 12?,NYC,nyc,KLGA,40.7743,-73.8726,F,America/New_York,2025-06-12,89.0,89-90
26371,Highest temperature in NYC on June 11?,NYC,nyc,KLGA,40.7743,-73.8726,F,America/New_York,2025-06-11,82.0,82-83
26153,Highest temperature in NYC on June 10?,NYC,nyc,KLGA,40.7743,-73.8726,F,America/New_York,2025-06-10,75.0,75-76
26150,Highest temperature in NYC on June 9?,NYC,nyc,KLGA,40.7743,-73.8726,F,America/New_York,2025-06-09,69.0,69-
26148,Highest temperature in NYC on June 8?,NYC,nyc,KLGA,40.7743,-73.8726,F,America/New_York,2025-06-08,73.0,73-74
26036,Highest temperature in NYC on June 7?,NYC,nyc,KLGA,40.7743,-73.8726,F,America/New_York,2025-06-07,77.0,77-78
25905,Highest temperature in NYC on June 6?,NYC,nyc,KLGA,40.7743,-73.8726,F,America/New_York,2025-06-06,83.0,83-84
25848,Highest temperature in NYC on June 5?,NYC,nyc,KLGA,40.7743,-73.8726,F,America/New_York,2025-06-05,87.0,87-88
25718,Highest temperature in NYC on June 4?,NYC,nyc,KLGA,40.7743,-73.8726,F,America/New_York,2025-06-04,80.0,80-81
25530,Highest temperature in NYC on June 3?,NYC,nyc,KLGA,40.7743,-73.8726,F,America/New_York,2025-06-03,78.0,78-79
25529,Highest temperature in NYC on June 2?,NYC,nyc,KLGA,40.7743,-73.8726,F,America/New_York,2025-06-02,71.0,71-72
25526,Highest temperature in NYC on June 1?,NYC,nyc,KLGA,40.7743,-73.8726,F,America/New_York,2025-06-01,66.0,66-67
25469,Highest temperature in NYC on May 31?,NYC,nyc,KLGA,40.7743,-73.8726,F,America/New_York,2025-05-31,68.0,68-69
25343,Highest temperature in NYC on May 30?,NYC,nyc,KLGA,40.7743,-73.8726,F,America/New_York,2025-05-30,74.0,74-75
25294,Highest temperature in NYC on May 29?,NYC,nyc,KLGA,40.7743,-73.8726,F,America/New_York,2025-05-29,67.0,67-68
25193,Highest temperature in NYC on May 28?,NYC,nyc,KLGA,40.7743,-73.8726,F,America/New_York,2025-05-28,65.0,65-66
25107,Highest temperature in NYC on May 27?,NYC,nyc,KLGA,40.7743,-73.8726,F,America/New_York,2025-05-27,76.0,76-77
25106,Highest temperature in NYC on May 26?,NYC,nyc,KLGA,40.7743,-73.8726,F,America/New_York,2025-05-26,73.0,73-74
25105,Highest temperature in NYC on May 25?,NYC,nyc,KLGA,40.7743,-73.8726,F,America/New_York,2025-05-25,67.0,67-68
25008,Highest temperature in NYC on May 22?,NYC,nyc,KLGA,40.7743,-73.8726,F,America/New_York,2025-05-22,52.0,52-53
24996,Highest temperature in NYC on May 24?,NYC,nyc,KLGA,40.7743,-73.8726,F,America/New_York,2025-05-24,64.0,64-65
24929,Highest temperature in NYC on May 23?,NYC,nyc,KLGA,40.7743,-73.8726,F,America/New_York,2025-05-23,61.0,61-62
24770,Highest temperature in NYC on May 21?,NYC,nyc,KLGA,40.7743,-73.8726,F,America/New_York,2025-05-21,58.0,58-59
24626,Highest temperature in NYC on May 20?,NYC,nyc,KLGA,40.7743,-73.8726,F,America/New_York,2025-05-20,65.0,65-66
24625,Highest temperature in NYC on May 19?,NYC,nyc,KLGA,40.7743,-73.8726,F,America/New_York,2025-05-19,69.0,69-70
24624,Highest temperature in NYC on May 18?,NYC,nyc,KLGA,40.7743,-73.8726,F,America/New_York,2025-05-18,74.0,74-75
24540,Highest temperature in NYC on May 17?,NYC,nyc,KLGA,40.7743,-73.8726,F,America/New_York,2025-05-17,84.0,84-85
24489,Highest temperature in NYC on May 16?,NYC,nyc,KLGA,40.7743,-73.8726,F,America/New_York,2025-05-16,72.0,72-73
24422,Highest temperature in NYC on May 15?,NYC,nyc,KLGA,40.7743,-73.8726,F,America/New_York,2025-05-15,70.0,70-71
24329,Highest temperature in NYC on May 14?,NYC,nyc,KLGA,40.7743,-73.8726,F,America/New_York,2025-05-14,64.0,64-65
24161,Highest temperature in NYC on May 12?,NYC,nyc,KLGA,40.7743,-73.8726,F,America/New_York,2025-05-12,72.0,72-73
24162,Highest temperature in NYC on May 13?,NYC,nyc,KLGA,40.7743,-73.8726,F,America/New_York,2025-05-13,66.0,66-67
24160,Highest temperature in NYC on May 11?,NYC,nyc,KLGA,40.7743,-73.8726,F,America/New_York,2025-05-11,78.0,78-79
24119,Highest temperature in NYC on May 10?,NYC,nyc,KLGA,40.7743,-73.8726,F,America/New_York,2025-05-10,73.0,73-74
24036,Highest temperature in NYC on May 9?,NYC,nyc,KLGA,40.7743,-73.8726,F,America/New_York,2025-05-09,59.0,59-60
23980,Highest temperature in NYC on May 8?,NYC,nyc,KLGA,40.7743,-73.8726,F,America/New_York,2025-05-08,76.0,76-77
23929,Highest temperature in NYC on May 7?,NYC,nyc,KLGA,40.7743,-73.8726,F,America/New_York,2025-05-07,75.0,75-76
23836,Highest temperature in NYC on May 4?,NYC,nyc,KLGA,40.7743,-73.8726,F,America/New_York,2025-05-04,70.0,70-71
23822,Highest temperature in NYC on May 6?,NYC,nyc,KLGA,40.7743,-73.8726,F,America/New_York,2025-05-06,67.0,67-68
23821,Highest temperature in NYC on May 5?,NYC,nyc,KLGA,40.7743,-73.8726,F,America/New_York,2025-05-05,63.0,63-64
23738,Highest temperature in NYC on May 3?,NYC,nyc,KLGA,40.7743,-73.8726,F,America/New_York,2025-05-03,79.0,79+
23673,Highest temperature in NYC on May 2?,NYC,nyc,KLGA,40.7743,-73.8726,F,America/New_York,2025-05-02,83.0,83+
23615,Highest temperature in NYC on May 1?,NYC,nyc,KLGA,40.7743,-73.8726,F,America/New_York,2025-05-01,68.0,68-69
23559,Highest temperature in NYC on April 30?,NYC,nyc,KLGA,40.7743,-73.8726,F,America/New_York,2025-04-30,73.0,73-74
23430,Highest temperature in NYC on April 27?,NYC,nyc,KLGA,40.7743,-73.8726,F,America/New_York,2025-04-27,58.0,58-59
23431,Highest temperature in NYC on April 28?,NYC,nyc,KLGA,40.7743,-73.8726,F,America/New_York,2025-04-28,76.0,76-77
23432,Highest temperature in NYC on April 29?,NYC,nyc,KLGA,40.7743,-73.8726,F,America/New_York,2025-04-29,75.0,75-76
23370,Highest temperature in NYC on April 26?,NYC,nyc,KLGA,40.7743,-73.8726,F,America/New_York,2025-04-26,73.0,73-74
23314,Highest temperature in NYC on April 25?,NYC,nyc,KLGA,40.7743,-73.8726,F,America/New_York,2025-04-25,73.0,73-74
23244,Highest temperature in NYC on April 24?,NYC,nyc,KLGA,40.7743,-73.8726,F,America/New_York,2025-04-24,74.0,74-75
23199,Highest temperature in NYC on April 23?,NYC,nyc,KLGA,40.7743,-73.8726,F,America/New_York,2025-04-23,75.0,75-76
23083,Highest temperature in NYC on April 21?,NYC,nyc,KLGA,40.7743,-73.8726,F,America/New_York,2025-04-21,56.0,56-57
23082,Highest temperature in NYC on April 20?,NYC,nyc,KLGA,40.7743,-73.8726,F,America/New_York,2025-04-20,71.0,71+
22965,Highest temperature in NYC on April 19?,NYC,nyc,KLGA,40.7743,-73.8726,F,America/New_York,2025-04-19,84.0,84-85
22901,Highest temperature in NYC on April 18?,NYC,nyc,KLGA,40.7743,-73.8726,F,America/New_York,2025-04-18,64.0,64-65
22847,Highest temperature in NYC on April 17?,NYC,nyc,KLGA,40.7743,-73.8726,F,America/New_York,2025-04-17,63.0,63-64
22788,Highest temperature in NYC on April 16?,NYC,nyc,KLGA,40.7743,-73.8726,F,America/New_York,2025-04-16,50.0,50-51
22654,Highest temperature in NYC on April 13?,NYC,nyc,KLGA,40.7743,-73.8726,F,America/New_York,2025-04-13,56.0,56-57
22653,Highest temperature in NYC on April 14?,NYC,nyc,KLGA,40.7743,-73.8726,F,America/New_York,2025-04-14,64.0,64-65
22652,Highest temperature in NYC on April 15?,NYC,nyc,KLGA,40.7743,-73.8726,F,America/New_York,2025-04-15,67.0,67+
22587,Highest temperature in NYC on April 12?,NYC,nyc,KLGA,40.7743,-73.8726,F,America/New_York,2025-04-12,40.0,40-41
22529,Highest temperature in NYC on April 11?,NYC,nyc,KLGA,40.7743,-73.8726,F,America/New_York,2025-04-11,45.0,45-46
22489,Highest temperature in NYC on April 10?,NYC,nyc,KLGA,40.7743,-73.8726,F,America/New_York,2025-04-10,49.0,49-50
22421,Highest temperature in NYC on April 9?,NYC,nyc,KLGA,40.7743,-73.8726,F,America/New_York,2025-04-09,48.0,48-49
22243,Highest temperature in NYC on April 8?,NYC,nyc,KLGA,40.7743,-73.8726,F,America/New_York,2025-04-08,45.0,45-46
22242,Highest temperature in NYC on April 7?,NYC,nyc,KLGA,40.7743,-73.8726,F,America/New_York,2025-04-07,49.0,49+
22209,Highest temperature in NYC on April 5?,NYC,nyc,KLGA,40.7743,-73.8726,F,America/New_York,2025-04-05,56.0,56+
22164,Highest temperature in NYC on April 4?,NYC,nyc,KLGA,40.7743,-73.8726,F,America/New_York,2025-04-04,74.0,74+
22023,Highest temperature in NYC on April 3?,NYC,nyc,KLGA,40.7743,-73.8726,F,America/New_York,2025-04-03,72.0,72+
21895,Highest temperature in NYC on April 2?,NYC,nyc,KLGA,40.7743,-73.8726,F,America/New_York,2025-04-02,48.0,48-49
21763,Highest temperature in NYC on March 31?,NYC,nyc,KLGA,40.7743,-73.8726,F,America/New_York,2025-03-31,68.0,68-69
21762,Highest temperature in NYC on March 30?,NYC,nyc,KLGA,40.7743,-73.8726,F,America/New_York,2025-03-30,45.0,45-46
21766,Highest temperature in NYC on April 1?,NYC,nyc,KLGA,40.7743,-73.8726,F,America/New_York,2025-04-01,57.0,57-58
21710,Highest temperature in NYC on March 29?,NYC,nyc,KLGA,40.7743,-73.8726,F,America/New_York,2025-03-29,81.0,81-82
21669,Highest temperature in NYC on March 28?,NYC,nyc,KLGA,40.7743,-73.8726,F,America/New_York,2025-03-28,64.0,64-65
21609,Highest temperature in NYC on March 27?,NYC,nyc,KLGA,40.7743,-73.8726,F,America/New_York,2025-03-27,51.0,51-52
21554,Highest temperature in NYC on March 26?,NYC,nyc,KLGA,40.7743,-73.8726,F,America/New_York,2025-03-26,50.0,50-51
21356,Highest temperature in NYC on March 23?,NYC,nyc,KLGA,40.7743,-73.8726,F,America/New_York,2025-03-23,47.0,47-48
21358,Highest temperature in NYC on March 25?,NYC,nyc,KLGA,40.7743,-73.8726,F,America/New_York,2025-03-25,59.0,59+
21357,Highest temperature in NYC on March 24?,NYC,nyc,KLGA,40.7743,-73.8726,F,America/New_York,2025-03-24,51.0,51-52
21298,Highest temperature in NYC on March 22?,NYC,nyc,KLGA,40.7743,-73.8726,F,America/New_York,2025-03-22,62.0,62-63
21246,Highest temperature in NYC on March 21?,NYC,nyc,KLGA,40.7743,-73.8726,F,America/New_York,2025-03-21,50.0,50-51
21204,Highest temperature in NYC on March 20?,NYC,nyc,KLGA,40.7743,-73.8726,F,America/New_York,2025-03-20,52.0,52-53
21161,Highest temperature in NYC on March 19?,NYC,nyc,KLGA,40.7743,-73.8726,F,America/New_York,2025-03-19,61.0,61-62
20934,Highest temperature in NYC on March 16?,NYC,nyc,KLGA,40.7743,-73.8726,F,America/New_York,2025-03-16,57.0,57-58
20935,Highest temperature in NYC on March 17?,NYC,nyc,KLGA,40.7743,-73.8726,F,America/New_York,2025-03-17,58.0,58-59
20936,Highest temperature in NYC on March 18?,NYC,nyc,KLGA,40.7743,-73.8726,F,America/New_York,2025-03-18,61.0,61-62
20828,Highest temperature in NYC on March 15?,NYC,nyc,KLGA,40.7743,-73.8726,F,America/New_York,2025-03-15,48.0,48-49
20812,Highest temperature in NYC on March 14?,NYC,nyc,KLGA,40.7743,-73.8726,F,America/New_York,2025-03-14,53.0,53-54
20774,Highest temperature in NYC on March 13?,NYC,nyc,KLGA,40.7743,-73.8726,F,America/New_York,2025-03-13,45.0,45-46
20742,Highest temperature in NYC on March 12?,NYC,nyc,KLGA,40.7743,-73.8726,F,America/New_York,2025-03-12,54.0,54-55
20515,Highest temperature in NYC on March 11?,NYC,nyc,KLGA,40.7743,-73.8726,F,America/New_York,2025-03-11,61.0,61-62
20514,Highest temperature in NYC on March 10?,NYC,nyc,KLGA,40.7743,-73.8726,F,America/New_York,2025-03-10,64.0,64+
20513,Highest temperature in NYC on March 9?,NYC,nyc,KLGA,40.7743,-73.8726,F,America/New_York,2025-03-09,53.0,53-54
20453,Highest temperature in NYC on March 8?,NYC,nyc,KLGA,40.7743,-73.8726,F,America/New_York,2025-03-08,45.0,45-46
20382,Highest temperature in NYC on March 7?,NYC,nyc,KLGA,40.7743,-73.8726,F,America/New_York,2025-03-07,50.0,50-51
20317,Highest temperature in NYC on March 6?,NYC,nyc,KLGA,40.7743,-73.8726,F,America/New_York,2025-03-06,53.0,53-54
20189,Highest temperature in NYC on March 5?,NYC,nyc,KLGA,40.7743,-73.8726,F,America/New_York,2025-03-05,55.0,55-56
19956,Highest temperature in NYC on March 3?,NYC,nyc,KLGA,40.7743,-73.8726,F,America/New_York,2025-03-03,40.0,40-41
19959,Highest temperature in NYC on March 4?,NYC,nyc,KLGA,40.7743,-73.8726,F,America/New_York,2025-03-04,51.0,51-52
19809,Highest temperature in NYC on March 2?,NYC,nyc,KLGA,40.7743,-73.8726,F,America/New_York,2025-03-02,34.0,34-35
19693,Highest temperature in NYC on March 1?,NYC,nyc,KLGA,40.7743,-73.8726,F,America/New_York,2025-03-01,63.0,63+
17718,Highest temperature in NYC on February 4?,NYC,nyc,KLGA,40.7743,-73.8726,F,America/New_York,2025-02-04,49.0,49+
17555,Highest temperature in NYC on February 3?,NYC,nyc,KLGA,40.7743,-73.8726,F,America/New_York,2025-02-03,47.0,47-48
17554,Highest temperature in NYC on February 2?,NYC,nyc,KLGA,40.7743,-73.8726,F,America/New_York,2025-02-02,32.0,32-
17513,Highest temperature in NYC on February 1?,NYC,nyc,KLGA,40.7743,-73.8726,F,America/New_York,2025-02-01,46.0,46+
